iso3,country,region_group,year,indicator,indicator_name,value
CIV,Cote d'Ivoire,Afrique,2000,FP.CPI.TOTL.ZG,Inflation_pct,2.53077516737997
CIV,Cote d'Ivoire,Afrique,2001,FP.CPI.TOTL.ZG,Inflation_pct,4.36152914007256
CIV,Cote d'Ivoire,Afrique,2002,FP.CPI.TOTL.ZG,Inflation_pct,3.07726485157427
CIV,Cote d'Ivoire,Afrique,2003,FP.CPI.TOTL.ZG,Inflation_pct,3.29680746974208
CIV,Cote d'Ivoire,Afrique,2004,FP.CPI.TOTL.ZG,Inflation_pct,1.45798835600741
CIV,Cote d'Ivoire,Afrique,2005,FP.CPI.TOTL.ZG,Inflation_pct,3.88583039886482
CIV,Cote d'Ivoire,Afrique,2006,FP.CPI.TOTL.ZG,Inflation_pct,2.46719148596915
CIV,Cote d'Ivoire,Afrique,2007,FP.CPI.TOTL.ZG,Inflation_pct,1.89200629349598
CIV,Cote d'Ivoire,Afrique,2008,FP.CPI.TOTL.ZG,Inflation_pct,6.30852769152578
CIV,Cote d'Ivoire,Afrique,2009,FP.CPI.TOTL.ZG,Inflation_pct,1.01950457731138
CIV,Cote d'Ivoire,Afrique,2010,FP.CPI.TOTL.ZG,Inflation_pct,1.2264561213548
CIV,Cote d'Ivoire,Afrique,2011,FP.CPI.TOTL.ZG,Inflation_pct,4.9124339505245
CIV,Cote d'Ivoire,Afrique,2012,FP.CPI.TOTL.ZG,Inflation_pct,1.30451119915606
CIV,Cote d'Ivoire,Afrique,2013,FP.CPI.TOTL.ZG,Inflation_pct,2.58117037252936
CIV,Cote d'Ivoire,Afrique,2014,FP.CPI.TOTL.ZG,Inflation_pct,0.448682076766141
CIV,Cote d'Ivoire,Afrique,2015,FP.CPI.TOTL.ZG,Inflation_pct,1.25149954781468
CIV,Cote d'Ivoire,Afrique,2016,FP.CPI.TOTL.ZG,Inflation_pct,0.723178457513308
CIV,Cote d'Ivoire,Afrique,2017,FP.CPI.TOTL.ZG,Inflation_pct,0.685881065304603
CIV,Cote d'Ivoire,Afrique,2018,FP.CPI.TOTL.ZG,Inflation_pct,0.401297817263547
CIV,Cote d'Ivoire,Afrique,2019,FP.CPI.TOTL.ZG,Inflation_pct,0.790855512053661
CIV,Cote d'Ivoire,Afrique,2020,FP.CPI.TOTL.ZG,Inflation_pct,2.41252617189053
CIV,Cote d'Ivoire,Afrique,2021,FP.CPI.TOTL.ZG,Inflation_pct,4.15919657911798
CIV,Cote d'Ivoire,Afrique,2022,FP.CPI.TOTL.ZG,Inflation_pct,5.23352856100843
CIV,Cote d'Ivoire,Afrique,2023,FP.CPI.TOTL.ZG,Inflation_pct,4.36972254867474
CIV,Cote d'Ivoire,Afrique,2024,FP.CPI.TOTL.ZG,Inflation_pct,3.45053028131019
CIV,Cote d'Ivoire,Afrique,2000,GC.DOD.TOTL.GD.ZS,Public_debt_pct_GDP,
CIV,Cote d'Ivoire,Afrique,2001,GC.DOD.TOTL.GD.ZS,Public_debt_pct_GDP,
CIV,Cote d'Ivoire,Afrique,2002,GC.DOD.TOTL.GD.ZS,Public_debt_pct_GDP,
CIV,Cote d'Ivoire,Afrique,2003,GC.DOD.TOTL.GD.ZS,Public_debt_pct_GDP,
CIV,Cote d'Ivoire,Afrique,2004,GC.DOD.TOTL.GD.ZS,Public_debt_pct_GDP,
CIV,Cote d'Ivoire,Afrique,2005,GC.DOD.TOTL.GD.ZS,Public_debt_pct_GDP,
CIV,Cote d'Ivoire,Afrique,2006,GC.DOD.TOTL.GD.ZS,Public_debt_pct_GDP,
CIV,Cote d'Ivoire,Afrique,2007,GC.DOD.TOTL.GD.ZS,Public_debt_pct_GDP,
CIV,Cote d'Ivoire,Afrique,2008,GC.DOD.TOTL.GD.ZS,Public_debt_pct_GDP,
CIV,Cote d'Ivoire,Afrique,2009,GC.DOD.TOTL.GD.ZS,Public_debt_pct_GDP,
CIV,Cote d'Ivoire,Afrique,2010,GC.DOD.TOTL.GD.ZS,Public_debt_pct_GDP,
CIV,Cote d'Ivoire,Afrique,2011,GC.DOD.TOTL.GD.ZS,Public_debt_pct_GDP,
CIV,Cote d'Ivoire,Afrique,2012,GC.DOD.TOTL.GD.ZS,Public_debt_pct_GDP,
CIV,Cote d'Ivoire,Afrique,2013,GC.DOD.TOTL.GD.ZS,Public_debt_pct_GDP,
CIV,Cote d'Ivoire,Afrique,2014,GC.DOD.TOTL.GD.ZS,Public_debt_pct_GDP,
CIV,Cote d'Ivoire,Afrique,2015,GC.DOD.TOTL.GD.ZS,Public_debt_pct_GDP,
CIV,Cote d'Ivoire,Afrique,2016,GC.DOD.TOTL.GD.ZS,Public_debt_pct_GDP,
CIV,Cote d'Ivoire,Afrique,2017,GC.DOD.TOTL.GD.ZS,Public_debt_pct_GDP,
CIV,Cote d'Ivoire,Afrique,2018,GC.DOD.TOTL.GD.ZS,Public_debt_pct_GDP,
CIV,Cote d'Ivoire,Afrique,2019,GC.DOD.TOTL.GD.ZS,Public_debt_pct_GDP,
CIV,Cote d'Ivoire,Afrique,2020,GC.DOD.TOTL.GD.ZS,Public_debt_pct_GDP,
CIV,Cote d'Ivoire,Afrique,2021,GC.DOD.TOTL.GD.ZS,Public_debt_pct_GDP,
CIV,Cote d'Ivoire,Afrique,2022,GC.DOD.TOTL.GD.ZS,Public_debt_pct_GDP,
CIV,Cote d'Ivoire,Afrique,2023,GC.DOD.TOTL.GD.ZS,Public_debt_pct_GDP,
CIV,Cote d'Ivoire,Afrique,2024,GC.DOD.TOTL.GD.ZS,Public_debt_pct_GDP,
CIV,Cote d'Ivoire,Afrique,2000,NY.GDP.MKTP.CD,GDP_USD,16577533891.8785
CIV,Cote d'Ivoire,Afrique,2001,NY.GDP.MKTP.CD,GDP_USD,16810537043.8407
CIV,Cote d'Ivoire,Afrique,2002,NY.GDP.MKTP.CD,GDP_USD,18054383320.8474
CIV,Cote d'Ivoire,Afrique,2003,NY.GDP.MKTP.CD,GDP_USD,21251754340.4305
CIV,Cote d'Ivoire,Afrique,2004,NY.GDP.MKTP.CD,GDP_USD,23510575681.3686
CIV,Cote d'Ivoire,Afrique,2005,NY.GDP.MKTP.CD,GDP_USD,24036918703.1747
CIV,Cote d'Ivoire,Afrique,2006,NY.GDP.MKTP.CD,GDP_USD,25281413263.3712
CIV,Cote d'Ivoire,Afrique,2007,NY.GDP.MKTP.CD,GDP_USD,28760090953.3081
CIV,Cote d'Ivoire,Afrique,2008,NY.GDP.MKTP.CD,GDP_USD,34078240293.2559
CIV,Cote d'Ivoire,Afrique,2009,NY.GDP.MKTP.CD,GDP_USD,33886813250.2036
CIV,Cote d'Ivoire,Afrique,2010,NY.GDP.MKTP.CD,GDP_USD,34936307980.063
CIV,Cote d'Ivoire,Afrique,2011,NY.GDP.MKTP.CD,GDP_USD,36693710801.3976
CIV,Cote d'Ivoire,Afrique,2012,NY.GDP.MKTP.CD,GDP_USD,36302302877.2977
CIV,Cote d'Ivoire,Afrique,2013,NY.GDP.MKTP.CD,GDP_USD,42760235484.6093
CIV,Cote d'Ivoire,Afrique,2014,NY.GDP.MKTP.CD,GDP_USD,48843005613.7091
CIV,Cote d'Ivoire,Afrique,2015,NY.GDP.MKTP.CD,GDP_USD,45815005169.2651
CIV,Cote d'Ivoire,Afrique,2016,NY.GDP.MKTP.CD,GDP_USD,48407761036.8238
CIV,Cote d'Ivoire,Afrique,2017,NY.GDP.MKTP.CD,GDP_USD,52512343996.69
CIV,Cote d'Ivoire,Afrique,2018,NY.GDP.MKTP.CD,GDP_USD,58522477786.6889
CIV,Cote d'Ivoire,Afrique,2019,NY.GDP.MKTP.CD,GDP_USD,60382894697.3557
CIV,Cote d'Ivoire,Afrique,2020,NY.GDP.MKTP.CD,GDP_USD,63027852805.4204
CIV,Cote d'Ivoire,Afrique,2021,NY.GDP.MKTP.CD,GDP_USD,72794636653.7793
CIV,Cote d'Ivoire,Afrique,2022,NY.GDP.MKTP.CD,GDP_USD,70922824813.9102
CIV,Cote d'Ivoire,Afrique,2023,NY.GDP.MKTP.CD,GDP_USD,80780312569.1646
CIV,Cote d'Ivoire,Afrique,2024,NY.GDP.MKTP.CD,GDP_USD,87113179149.284
CIV,Cote d'Ivoire,Afrique,2000,NY.GDP.MKTP.KD.ZG,GDP_Growth_pct,-0.265789462275947
CIV,Cote d'Ivoire,Afrique,2001,NY.GDP.MKTP.KD.ZG,GDP_Growth_pct,-2.15401249077306
CIV,Cote d'Ivoire,Afrique,2002,NY.GDP.MKTP.KD.ZG,GDP_Growth_pct,-2.73052647441901
CIV,Cote d'Ivoire,Afrique,2003,NY.GDP.MKTP.KD.ZG,GDP_Growth_pct,-4.72586658630681
CIV,Cote d'Ivoire,Afrique,2004,NY.GDP.MKTP.KD.ZG,GDP_Growth_pct,3.18503822575397
CIV,Cote d'Ivoire,Afrique,2005,NY.GDP.MKTP.KD.ZG,GDP_Growth_pct,0.996065564854788
CIV,Cote d'Ivoire,Afrique,2006,NY.GDP.MKTP.KD.ZG,GDP_Growth_pct,2.81557859252327
CIV,Cote d'Ivoire,Afrique,2007,NY.GDP.MKTP.KD.ZG,GDP_Growth_pct,1.10142976793477
CIV,Cote d'Ivoire,Afrique,2008,NY.GDP.MKTP.KD.ZG,GDP_Growth_pct,4.7826659787672
CIV,Cote d'Ivoire,Afrique,2009,NY.GDP.MKTP.KD.ZG,GDP_Growth_pct,3.60332156667053
CIV,Cote d'Ivoire,Afrique,2010,NY.GDP.MKTP.KD.ZG,GDP_Growth_pct,6.84804939907013
CIV,Cote d'Ivoire,Afrique,2011,NY.GDP.MKTP.KD.ZG,GDP_Growth_pct,-5.37044724000579
CIV,Cote d'Ivoire,Afrique,2012,NY.GDP.MKTP.KD.ZG,GDP_Growth_pct,7.62041176451649
CIV,Cote d'Ivoire,Afrique,2013,NY.GDP.MKTP.KD.ZG,GDP_Growth_pct,10.7602131311256
CIV,Cote d'Ivoire,Afrique,2014,NY.GDP.MKTP.KD.ZG,GDP_Growth_pct,9.37199994240375
CIV,Cote d'Ivoire,Afrique,2015,NY.GDP.MKTP.KD.ZG,GDP_Growth_pct,7.19494942728191
CIV,Cote d'Ivoire,Afrique,2016,NY.GDP.MKTP.KD.ZG,GDP_Growth_pct,7.17275963956332
CIV,Cote d'Ivoire,Afrique,2017,NY.GDP.MKTP.KD.ZG,GDP_Growth_pct,7.41076242592504
CIV,Cote d'Ivoire,Afrique,2018,NY.GDP.MKTP.KD.ZG,GDP_Growth_pct,4.84314605889178
CIV,Cote d'Ivoire,Afrique,2019,NY.GDP.MKTP.KD.ZG,GDP_Growth_pct,6.72137167584978
CIV,Cote d'Ivoire,Afrique,2020,NY.GDP.MKTP.KD.ZG,GDP_Growth_pct,0.699728593494228
CIV,Cote d'Ivoire,Afrique,2021,NY.GDP.MKTP.KD.ZG,GDP_Growth_pct,7.06332910205232
CIV,Cote d'Ivoire,Afrique,2022,NY.GDP.MKTP.KD.ZG,GDP_Growth_pct,6.39988362720531
CIV,Cote d'Ivoire,Afrique,2023,NY.GDP.MKTP.KD.ZG,GDP_Growth_pct,6.60000045223954
CIV,Cote d'Ivoire,Afrique,2024,NY.GDP.MKTP.KD.ZG,GDP_Growth_pct,6.01953461940062
CIV,Cote d'Ivoire,Afrique,2000,NY.GDP.PCAP.CD,GDP_per_capita_USD,936.636541348798
CIV,Cote d'Ivoire,Afrique,2001,NY.GDP.PCAP.CD,GDP_per_capita_USD,924.727294962066
CIV,Cote d'Ivoire,Afrique,2002,NY.GDP.PCAP.CD,GDP_per_capita_USD,967.815864415991
CIV,Cote d'Ivoire,Afrique,2003,NY.GDP.PCAP.CD,GDP_per_capita_USD,1111.17135087887
CIV,Cote d'Ivoire,Afrique,2004,NY.GDP.PCAP.CD,GDP_per_capita_USD,1199.82524528546
CIV,Cote d'Ivoire,Afrique,2005,NY.GDP.PCAP.CD,GDP_per_capita_USD,1197.74616979415
CIV,Cote d'Ivoire,Afrique,2006,NY.GDP.PCAP.CD,GDP_per_capita_USD,1230.43056838584
CIV,Cote d'Ivoire,Afrique,2007,NY.GDP.PCAP.CD,GDP_per_capita_USD,1367.53817722326
CIV,Cote d'Ivoire,Afrique,2008,NY.GDP.PCAP.CD,GDP_per_capita_USD,1583.97066701372
CIV,Cote d'Ivoire,Afrique,2009,NY.GDP.PCAP.CD,GDP_per_capita_USD,1540.45393569596
CIV,Cote d'Ivoire,Afrique,2010,NY.GDP.PCAP.CD,GDP_per_capita_USD,1553.54887048143
CIV,Cote d'Ivoire,Afrique,2011,NY.GDP.PCAP.CD,GDP_per_capita_USD,1596.62826565998
CIV,Cote d'Ivoire,Afrique,2012,NY.GDP.PCAP.CD,GDP_per_capita_USD,1546.9460184731
CIV,Cote d'Ivoire,Afrique,2013,NY.GDP.PCAP.CD,GDP_per_capita_USD,1786.15862031324
CIV,Cote d'Ivoire,Afrique,2014,NY.GDP.PCAP.CD,GDP_per_capita_USD,1991.36539423404
CIV,Cote d'Ivoire,Afrique,2015,NY.GDP.PCAP.CD,GDP_per_capita_USD,1814.71855088017
CIV,Cote d'Ivoire,Afrique,2016,NY.GDP.PCAP.CD,GDP_per_capita_USD,1862.59597081287
CIV,Cote d'Ivoire,Afrique,2017,NY.GDP.PCAP.CD,GDP_per_capita_USD,1964.29930338343
CIV,Cote d'Ivoire,Afrique,2018,NY.GDP.PCAP.CD,GDP_per_capita_USD,2130.86619381144
CIV,Cote d'Ivoire,Afrique,2019,NY.GDP.PCAP.CD,GDP_per_capita_USD,2141.76836170115
CIV,Cote d'Ivoire,Afrique,2020,NY.GDP.PCAP.CD,GDP_per_capita_USD,2179.72934832935
CIV,Cote d'Ivoire,Afrique,2021,NY.GDP.PCAP.CD,GDP_per_capita_USD,2455.98127641148
CIV,Cote d'Ivoire,Afrique,2022,NY.GDP.PCAP.CD,GDP_per_capita_USD,2333.37128301259
CIV,Cote d'Ivoire,Afrique,2023,NY.GDP.PCAP.CD,GDP_per_capita_USD,2591.9659048119
CIV,Cote d'Ivoire,Afrique,2024,NY.GDP.PCAP.CD,GDP_per_capita_USD,2727.8935220697
CIV,Cote d'Ivoire,Afrique,2000,SL.UEM.TOTL.ZS,Unemployment_pct,4.816
CIV,Cote d'Ivoire,Afrique,2001,SL.UEM.TOTL.ZS,Unemployment_pct,5.167
CIV,Cote d'Ivoire,Afrique,2002,SL.UEM.TOTL.ZS,Unemployment_pct,5.474
CIV,Cote d'Ivoire,Afrique,2003,SL.UEM.TOTL.ZS,Unemployment_pct,5.805
CIV,Cote d'Ivoire,Afrique,2004,SL.UEM.TOTL.ZS,Unemployment_pct,5.883
CIV,Cote d'Ivoire,Afrique,2005,SL.UEM.TOTL.ZS,Unemployment_pct,5.999
CIV,Cote d'Ivoire,Afrique,2006,SL.UEM.TOTL.ZS,Unemployment_pct,6.009
CIV,Cote d'Ivoire,Afrique,2007,SL.UEM.TOTL.ZS,Unemployment_pct,6.272
CIV,Cote d'Ivoire,Afrique,2008,SL.UEM.TOTL.ZS,Unemployment_pct,6.379
CIV,Cote d'Ivoire,Afrique,2009,SL.UEM.TOTL.ZS,Unemployment_pct,6.571
CIV,Cote d'Ivoire,Afrique,2010,SL.UEM.TOTL.ZS,Unemployment_pct,6.618
CIV,Cote d'Ivoire,Afrique,2011,SL.UEM.TOTL.ZS,Unemployment_pct,7.135
CIV,Cote d'Ivoire,Afrique,2012,SL.UEM.TOTL.ZS,Unemployment_pct,7.223
CIV,Cote d'Ivoire,Afrique,2013,SL.UEM.TOTL.ZS,Unemployment_pct,4.255
CIV,Cote d'Ivoire,Afrique,2014,SL.UEM.TOTL.ZS,Unemployment_pct,3.285
CIV,Cote d'Ivoire,Afrique,2015,SL.UEM.TOTL.ZS,Unemployment_pct,2.579
CIV,Cote d'Ivoire,Afrique,2016,SL.UEM.TOTL.ZS,Unemployment_pct,1.896
CIV,Cote d'Ivoire,Afrique,2017,SL.UEM.TOTL.ZS,Unemployment_pct,3.272
CIV,Cote d'Ivoire,Afrique,2018,SL.UEM.TOTL.ZS,Unemployment_pct,2.85
CIV,Cote d'Ivoire,Afrique,2019,SL.UEM.TOTL.ZS,Unemployment_pct,2.401
CIV,Cote d'Ivoire,Afrique,2020,SL.UEM.TOTL.ZS,Unemployment_pct,2.584
CIV,Cote d'Ivoire,Afrique,2021,SL.UEM.TOTL.ZS,Unemployment_pct,2.63
CIV,Cote d'Ivoire,Afrique,2022,SL.UEM.TOTL.ZS,Unemployment_pct,2.306
CIV,Cote d'Ivoire,Afrique,2023,SL.UEM.TOTL.ZS,Unemployment_pct,2.27
CIV,Cote d'Ivoire,Afrique,2024,SL.UEM.TOTL.ZS,Unemployment_pct,2.288
DEU,Germany,Europe,2000,FP.CPI.TOTL.ZG,Inflation_pct,1.44026838719741
DEU,Germany,Europe,2001,FP.CPI.TOTL.ZG,Inflation_pct,1.98385731334471
DEU,Germany,Europe,2002,FP.CPI.TOTL.ZG,Inflation_pct,1.42080615551526
DEU,Germany,Europe,2003,FP.CPI.TOTL.ZG,Inflation_pct,1.03422218628562
DEU,Germany,Europe,2004,FP.CPI.TOTL.ZG,Inflation_pct,1.66573696655992
DEU,Germany,Europe,2005,FP.CPI.TOTL.ZG,Inflation_pct,1.54691114751328
DEU,Germany,Europe,2006,FP.CPI.TOTL.ZG,Inflation_pct,1.57742642840563
DEU,Germany,Europe,2007,FP.CPI.TOTL.ZG,Inflation_pct,2.29834400700951
DEU,Germany,Europe,2008,FP.CPI.TOTL.ZG,Inflation_pct,2.62837981637219
DEU,Germany,Europe,2009,FP.CPI.TOTL.ZG,Inflation_pct,0.312739007368447
DEU,Germany,Europe,2010,FP.CPI.TOTL.ZG,Inflation_pct,1.1038103778926
DEU,Germany,Europe,2011,FP.CPI.TOTL.ZG,Inflation_pct,2.07517283735874
DEU,Germany,Europe,2012,FP.CPI.TOTL.ZG,Inflation_pct,2.00848884782956
DEU,Germany,Europe,2013,FP.CPI.TOTL.ZG,Inflation_pct,1.50472330251876
DEU,Germany,Europe,2014,FP.CPI.TOTL.ZG,Inflation_pct,0.906794000434246
DEU,Germany,Europe,2015,FP.CPI.TOTL.ZG,Inflation_pct,0.514426137125456
DEU,Germany,Europe,2016,FP.CPI.TOTL.ZG,Inflation_pct,0.491747008445174
DEU,Germany,Europe,2017,FP.CPI.TOTL.ZG,Inflation_pct,1.50949485109628
DEU,Germany,Europe,2018,FP.CPI.TOTL.ZG,Inflation_pct,1.73216879766942
DEU,Germany,Europe,2019,FP.CPI.TOTL.ZG,Inflation_pct,1.44565976888253
DEU,Germany,Europe,2020,FP.CPI.TOTL.ZG,Inflation_pct,0.144877925813982
DEU,Germany,Europe,2021,FP.CPI.TOTL.ZG,Inflation_pct,3.06666666666673
DEU,Germany,Europe,2022,FP.CPI.TOTL.ZG,Inflation_pct,6.87257438551097
DEU,Germany,Europe,2023,FP.CPI.TOTL.ZG,Inflation_pct,5.94643667725823
DEU,Germany,Europe,2024,FP.CPI.TOTL.ZG,Inflation_pct,2.2564981433876
DEU,Germany,Europe,2000,GC.DOD.TOTL.GD.ZS,Public_debt_pct_GDP,
DEU,Germany,Europe,2001,GC.DOD.TOTL.GD.ZS,Public_debt_pct_GDP,
DEU,Germany,Europe,2002,GC.DOD.TOTL.GD.ZS,Public_debt_pct_GDP,
DEU,Germany,Europe,2003,GC.DOD.TOTL.GD.ZS,Public_debt_pct_GDP,
DEU,Germany,Europe,2004,GC.DOD.TOTL.GD.ZS,Public_debt_pct_GDP,
DEU,Germany,Europe,2005,GC.DOD.TOTL.GD.ZS,Public_debt_pct_GDP,
DEU,Germany,Europe,2006,GC.DOD.TOTL.GD.ZS,Public_debt_pct_GDP,
DEU,Germany,Europe,2007,GC.DOD.TOTL.GD.ZS,Public_debt_pct_GDP,
DEU,Germany,Europe,2008,GC.DOD.TOTL.GD.ZS,Public_debt_pct_GDP,
DEU,Germany,Europe,2009,GC.DOD.TOTL.GD.ZS,Public_debt_pct_GDP,
DEU,Germany,Europe,2010,GC.DOD.TOTL.GD.ZS,Public_debt_pct_GDP,
DEU,Germany,Europe,2011,GC.DOD.TOTL.GD.ZS,Public_debt_pct_GDP,
DEU,Germany,Europe,2012,GC.DOD.TOTL.GD.ZS,Public_debt_pct_GDP,
DEU,Germany,Europe,2013,GC.DOD.TOTL.GD.ZS,Public_debt_pct_GDP,
DEU,Germany,Europe,2014,GC.DOD.TOTL.GD.ZS,Public_debt_pct_GDP,
DEU,Germany,Europe,2015,GC.DOD.TOTL.GD.ZS,Public_debt_pct_GDP,
DEU,Germany,Europe,2016,GC.DOD.TOTL.GD.ZS,Public_debt_pct_GDP,
DEU,Germany,Europe,2017,GC.DOD.TOTL.GD.ZS,Public_debt_pct_GDP,
DEU,Germany,Europe,2018,GC.DOD.TOTL.GD.ZS,Public_debt_pct_GDP,
DEU,Germany,Europe,2019,GC.DOD.TOTL.GD.ZS,Public_debt_pct_GDP,
DEU,Germany,Europe,2020,GC.DOD.TOTL.GD.ZS,Public_debt_pct_GDP,
DEU,Germany,Europe,2021,GC.DOD.TOTL.GD.ZS,Public_debt_pct_GDP,
DEU,Germany,Europe,2022,GC.DOD.TOTL.GD.ZS,Public_debt_pct_GDP,
DEU,Germany,Europe,2023,GC.DOD.TOTL.GD.ZS,Public_debt_pct_GDP,
DEU,Germany,Europe,2024,GC.DOD.TOTL.GD.ZS,Public_debt_pct_GDP,
DEU,Germany,Europe,2000,NY.GDP.MKTP.CD,GDP_USD,1966980701145.1
DEU,Germany,Europe,2001,NY.GDP.MKTP.CD,GDP_USD,1966381496641.73
DEU,Germany,Europe,2002,NY.GDP.MKTP.CD,GDP_USD,2102350798305.89
DEU,Germany,Europe,2003,NY.GDP.MKTP.CD,GDP_USD,2534715518349.01
DEU,Germany,Europe,2004,NY.GDP.MKTP.CD,GDP_USD,2852317768061.78
DEU,Germany,Europe,2005,NY.GDP.MKTP.CD,GDP_USD,2893393187361.87
DEU,Germany,Europe,2006,NY.GDP.MKTP.CD,GDP_USD,3046308753670.58
DEU,Germany,Europe,2007,NY.GDP.MKTP.CD,GDP_USD,3484056680854.91
DEU,Germany,Europe,2008,NY.GDP.MKTP.CD,GDP_USD,3808197720125.0
DEU,Germany,Europe,2009,NY.GDP.MKTP.CD,GDP_USD,3478545516683.59
DEU,Germany,Europe,2010,NY.GDP.MKTP.CD,GDP_USD,3467093769666.67
DEU,Germany,Europe,2011,NY.GDP.MKTP.CD,GDP_USD,3823575803793.78
DEU,Germany,Europe,2012,NY.GDP.MKTP.CD,GDP_USD,3596483233406.25
DEU,Germany,Europe,2013,NY.GDP.MKTP.CD,GDP_USD,3807023797050.99
DEU,Germany,Europe,2014,NY.GDP.MKTP.CD,GDP_USD,3964870735760.77
DEU,Germany,Europe,2015,NY.GDP.MKTP.CD,GDP_USD,3425099578746.09
DEU,Germany,Europe,2016,NY.GDP.MKTP.CD,GDP_USD,3536787895179.0
DEU,Germany,Europe,2017,NY.GDP.MKTP.CD,GDP_USD,3765351626105.89
DEU,Germany,Europe,2018,NY.GDP.MKTP.CD,GDP_USD,4055433215301.96
DEU,Germany,Europe,2019,NY.GDP.MKTP.CD,GDP_USD,3959894794039.21
DEU,Germany,Europe,2020,NY.GDP.MKTP.CD,GDP_USD,3941398957073.94
DEU,Germany,Europe,2021,NY.GDP.MKTP.CD,GDP_USD,4355251953410.78
DEU,Germany,Europe,2022,NY.GDP.MKTP.CD,GDP_USD,4201021706478.62
DEU,Germany,Europe,2023,NY.GDP.MKTP.CD,GDP_USD,4562207532490.28
DEU,Germany,Europe,2024,NY.GDP.MKTP.CD,GDP_USD,4685592577804.69
DEU,Germany,Europe,2000,NY.GDP.MKTP.KD.ZG,GDP_Growth_pct,2.8765231247659
DEU,Germany,Europe,2001,NY.GDP.MKTP.KD.ZG,GDP_Growth_pct,1.63614170690956
DEU,Germany,Europe,2002,NY.GDP.MKTP.KD.ZG,GDP_Growth_pct,-0.228255715793637
DEU,Germany,Europe,2003,NY.GDP.MKTP.KD.ZG,GDP_Growth_pct,-0.529801394291297
DEU,Germany,Europe,2004,NY.GDP.MKTP.KD.ZG,GDP_Growth_pct,1.16208684507278
DEU,Germany,Europe,2005,NY.GDP.MKTP.KD.ZG,GDP_Growth_pct,0.885485292551564
DEU,Germany,Europe,2006,NY.GDP.MKTP.KD.ZG,GDP_Growth_pct,3.86668241523209
DEU,Germany,Europe,2007,NY.GDP.MKTP.KD.ZG,GDP_Growth_pct,2.8891174138025
DEU,Germany,Europe,2008,NY.GDP.MKTP.KD.ZG,GDP_Growth_pct,0.887902330743628
DEU,Germany,Europe,2009,NY.GDP.MKTP.KD.ZG,GDP_Growth_pct,-5.54455451920674
DEU,Germany,Europe,2010,NY.GDP.MKTP.KD.ZG,GDP_Growth_pct,4.13463778522758
DEU,Germany,Europe,2011,NY.GDP.MKTP.KD.ZG,GDP_Growth_pct,3.75796884489337
DEU,Germany,Europe,2012,NY.GDP.MKTP.KD.ZG,GDP_Growth_pct,0.463512036709204
DEU,Germany,Europe,2013,NY.GDP.MKTP.KD.ZG,GDP_Growth_pct,0.396995583779145
DEU,Germany,Europe,2014,NY.GDP.MKTP.KD.ZG,GDP_Growth_pct,2.18018602168017
DEU,Germany,Europe,2015,NY.GDP.MKTP.KD.ZG,GDP_Growth_pct,1.66300602334775
DEU,Germany,Europe,2016,NY.GDP.MKTP.KD.ZG,GDP_Growth_pct,2.22222216259371
DEU,Germany,Europe,2017,NY.GDP.MKTP.KD.ZG,GDP_Growth_pct,2.797906720551
DEU,Germany,Europe,2018,NY.GDP.MKTP.KD.ZG,GDP_Growth_pct,1.13569604599849
DEU,Germany,Europe,2019,NY.GDP.MKTP.KD.ZG,GDP_Growth_pct,0.977734697038784
DEU,Germany,Europe,2020,NY.GDP.MKTP.KD.ZG,GDP_Growth_pct,-4.13191443239947
DEU,Germany,Europe,2021,NY.GDP.MKTP.KD.ZG,GDP_Growth_pct,3.90999994204108
DEU,Germany,Europe,2022,NY.GDP.MKTP.KD.ZG,GDP_Growth_pct,1.8092581243061
DEU,Germany,Europe,2023,NY.GDP.MKTP.KD.ZG,GDP_Growth_pct,-0.869647578573321
DEU,Germany,Europe,2024,NY.GDP.MKTP.KD.ZG,GDP_Growth_pct,-0.495851897260366
DEU,Germany,Europe,2000,NY.GDP.PCAP.CD,GDP_per_capita_USD,23925.8559901991
DEU,Germany,Europe,2001,NY.GDP.PCAP.CD,GDP_per_capita_USD,23878.3641471651
DEU,Germany,Europe,2002,NY.GDP.PCAP.CD,GDP_per_capita_USD,25486.5942008748
DEU,Germany,Europe,2003,NY.GDP.PCAP.CD,GDP_per_capita_USD,30711.1022511331
DEU,Germany,Europe,2004,NY.GDP.PCAP.CD,GDP_per_capita_USD,34566.7359143735
DEU,Germany,Europe,2005,NY.GDP.PCAP.CD,GDP_per_capita_USD,35084.4363546269
DEU,Germany,Europe,2006,NY.GDP.PCAP.CD,GDP_per_capita_USD,36980.3349948954
DEU,Germany,Europe,2007,NY.GDP.PCAP.CD,GDP_per_capita_USD,42350.9217211489
DEU,Germany,Europe,2008,NY.GDP.PCAP.CD,GDP_per_capita_USD,46379.1647953479
DEU,Germany,Europe,2009,NY.GDP.PCAP.CD,GDP_per_capita_USD,42471.8868625226
DEU,Germany,Europe,2010,NY.GDP.PCAP.CD,GDP_per_capita_USD,42396.9665976293
DEU,Germany,Europe,2011,NY.GDP.PCAP.CD,GDP_per_capita_USD,47630.9761883572
DEU,Germany,Europe,2012,NY.GDP.PCAP.CD,GDP_per_capita_USD,44718.0159214069
DEU,Germany,Europe,2013,NY.GDP.PCAP.CD,GDP_per_capita_USD,47206.8353514242
DEU,Germany,Europe,2014,NY.GDP.PCAP.CD,GDP_per_capita_USD,48959.5991203133
DEU,Germany,Europe,2015,NY.GDP.PCAP.CD,GDP_per_capita_USD,41929.7549110722
DEU,Germany,Europe,2016,NY.GDP.PCAP.CD,GDP_per_capita_USD,42948.9381932694
DEU,Germany,Europe,2017,NY.GDP.PCAP.CD,GDP_per_capita_USD,45553.9341495339
DEU,Germany,Europe,2018,NY.GDP.PCAP.CD,GDP_per_capita_USD,48916.1686612154
DEU,Germany,Europe,2019,NY.GDP.PCAP.CD,GDP_per_capita_USD,47656.199739747
DEU,Germany,Europe,2020,NY.GDP.PCAP.CD,GDP_per_capita_USD,47394.8734504469
DEU,Germany,Europe,2021,NY.GDP.PCAP.CD,GDP_per_capita_USD,52349.2459994422
DEU,Germany,Europe,2022,NY.GDP.PCAP.CD,GDP_per_capita_USD,50506.5179638543
DEU,Germany,Europe,2023,NY.GDP.PCAP.CD,GDP_per_capita_USD,54776.7668235491
DEU,Germany,Europe,2024,NY.GDP.PCAP.CD,GDP_per_capita_USD,56103.7323182554
DEU,Germany,Europe,2000,SL.UEM.TOTL.ZS,Unemployment_pct,7.917
DEU,Germany,Europe,2001,SL.UEM.TOTL.ZS,Unemployment_pct,7.773
DEU,Germany,Europe,2002,SL.UEM.TOTL.ZS,Unemployment_pct,8.482
DEU,Germany,Europe,2003,SL.UEM.TOTL.ZS,Unemployment_pct,9.779
DEU,Germany,Europe,2004,SL.UEM.TOTL.ZS,Unemployment_pct,10.727
DEU,Germany,Europe,2005,SL.UEM.TOTL.ZS,Unemployment_pct,11.193
DEU,Germany,Europe,2006,SL.UEM.TOTL.ZS,Unemployment_pct,10.277
DEU,Germany,Europe,2007,SL.UEM.TOTL.ZS,Unemployment_pct,8.732
DEU,Germany,Europe,2008,SL.UEM.TOTL.ZS,Unemployment_pct,7.508
DEU,Germany,Europe,2009,SL.UEM.TOTL.ZS,Unemployment_pct,7.88
DEU,Germany,Europe,2010,SL.UEM.TOTL.ZS,Unemployment_pct,7.043
DEU,Germany,Europe,2011,SL.UEM.TOTL.ZS,Unemployment_pct,5.967
DEU,Germany,Europe,2012,SL.UEM.TOTL.ZS,Unemployment_pct,5.372
DEU,Germany,Europe,2013,SL.UEM.TOTL.ZS,Unemployment_pct,5.316
DEU,Germany,Europe,2014,SL.UEM.TOTL.ZS,Unemployment_pct,4.979
DEU,Germany,Europe,2015,SL.UEM.TOTL.ZS,Unemployment_pct,4.612
DEU,Germany,Europe,2016,SL.UEM.TOTL.ZS,Unemployment_pct,4.104
DEU,Germany,Europe,2017,SL.UEM.TOTL.ZS,Unemployment_pct,3.781
DEU,Germany,Europe,2018,SL.UEM.TOTL.ZS,Unemployment_pct,3.384
DEU,Germany,Europe,2019,SL.UEM.TOTL.ZS,Unemployment_pct,3.163
DEU,Germany,Europe,2020,SL.UEM.TOTL.ZS,Unemployment_pct,3.881
DEU,Germany,Europe,2021,SL.UEM.TOTL.ZS,Unemployment_pct,3.594
DEU,Germany,Europe,2022,SL.UEM.TOTL.ZS,Unemployment_pct,3.12
DEU,Germany,Europe,2023,SL.UEM.TOTL.ZS,Unemployment_pct,3.068
DEU,Germany,Europe,2024,SL.UEM.TOTL.ZS,Unemployment_pct,3.406
ESP,Spain,Europe,2000,FP.CPI.TOTL.ZG,Inflation_pct,3.43351563418767
ESP,Spain,Europe,2001,FP.CPI.TOTL.ZG,Inflation_pct,3.58983413338112
ESP,Spain,Europe,2002,FP.CPI.TOTL.ZG,Inflation_pct,3.06565685902219
ESP,Spain,Europe,2003,FP.CPI.TOTL.ZG,Inflation_pct,3.03888839396655
ESP,Spain,Europe,2004,FP.CPI.TOTL.ZG,Inflation_pct,3.03924881090925
ESP,Spain,Europe,2005,FP.CPI.TOTL.ZG,Inflation_pct,3.36881409750383
ESP,Spain,Europe,2006,FP.CPI.TOTL.ZG,Inflation_pct,3.51557576832128
ESP,Spain,Europe,2007,FP.CPI.TOTL.ZG,Inflation_pct,2.78679745804946
ESP,Spain,Europe,2008,FP.CPI.TOTL.ZG,Inflation_pct,4.07534335957339
ESP,Spain,Europe,2009,FP.CPI.TOTL.ZG,Inflation_pct,-0.28781308353524
ESP,Spain,Europe,2010,FP.CPI.TOTL.ZG,Inflation_pct,1.79986457728769
ESP,Spain,Europe,2011,FP.CPI.TOTL.ZG,Inflation_pct,3.1961018883379
ESP,Spain,Europe,2012,FP.CPI.TOTL.ZG,Inflation_pct,2.44612782366809
ESP,Spain,Europe,2013,FP.CPI.TOTL.ZG,Inflation_pct,1.40858109183019
ESP,Spain,Europe,2014,FP.CPI.TOTL.ZG,Inflation_pct,-0.151114837527235
ESP,Spain,Europe,2015,FP.CPI.TOTL.ZG,Inflation_pct,-0.500365709903242
ESP,Spain,Europe,2016,FP.CPI.TOTL.ZG,Inflation_pct,-0.202598000426452
ESP,Spain,Europe,2017,FP.CPI.TOTL.ZG,Inflation_pct,1.95607633363963
ESP,Spain,Europe,2018,FP.CPI.TOTL.ZG,Inflation_pct,1.6749813686379
ESP,Spain,Europe,2019,FP.CPI.TOTL.ZG,Inflation_pct,0.699518994458739
ESP,Spain,Europe,2020,FP.CPI.TOTL.ZG,Inflation_pct,-0.322753017299739
ESP,Spain,Europe,2021,FP.CPI.TOTL.ZG,Inflation_pct,3.0931351197642
ESP,Spain,Europe,2022,FP.CPI.TOTL.ZG,Inflation_pct,8.39057634118627
ESP,Spain,Europe,2023,FP.CPI.TOTL.ZG,Inflation_pct,3.53236133492433
ESP,Spain,Europe,2024,FP.CPI.TOTL.ZG,Inflation_pct,2.77417826534772
ESP,Spain,Europe,2000,GC.DOD.TOTL.GD.ZS,Public_debt_pct_GDP,56.4411355546668
ESP,Spain,Europe,2001,GC.DOD.TOTL.GD.ZS,Public_debt_pct_GDP,51.9977632183383
ESP,Spain,Europe,2002,GC.DOD.TOTL.GD.ZS,Public_debt_pct_GDP,50.1525231278943
ESP,Spain,Europe,2003,GC.DOD.TOTL.GD.ZS,Public_debt_pct_GDP,45.4755013249315
ESP,Spain,Europe,2004,GC.DOD.TOTL.GD.ZS,Public_debt_pct_GDP,43.4376841356233
ESP,Spain,Europe,2005,GC.DOD.TOTL.GD.ZS,Public_debt_pct_GDP,40.2343199708659
ESP,Spain,Europe,2006,GC.DOD.TOTL.GD.ZS,Public_debt_pct_GDP,35.7479971661015
ESP,Spain,Europe,2007,GC.DOD.TOTL.GD.ZS,Public_debt_pct_GDP,31.7331273427183
ESP,Spain,Europe,2008,GC.DOD.TOTL.GD.ZS,Public_debt_pct_GDP,35.7047178344384
ESP,Spain,Europe,2009,GC.DOD.TOTL.GD.ZS,Public_debt_pct_GDP,48.1994103859309
ESP,Spain,Europe,2010,GC.DOD.TOTL.GD.ZS,Public_debt_pct_GDP,49.9611949458986
ESP,Spain,Europe,2011,GC.DOD.TOTL.GD.ZS,Public_debt_pct_GDP,57.789985767622
ESP,Spain,Europe,2012,GC.DOD.TOTL.GD.ZS,Public_debt_pct_GDP,77.4461594128753
ESP,Spain,Europe,2013,GC.DOD.TOTL.GD.ZS,Public_debt_pct_GDP,91.8693310694076
ESP,Spain,Europe,2014,GC.DOD.TOTL.GD.ZS,Public_debt_pct_GDP,104.927837458817
ESP,Spain,Europe,2015,GC.DOD.TOTL.GD.ZS,Public_debt_pct_GDP,104.513601542435
ESP,Spain,Europe,2016,GC.DOD.TOTL.GD.ZS,Public_debt_pct_GDP,105.968136997792
ESP,Spain,Europe,2017,GC.DOD.TOTL.GD.ZS,Public_debt_pct_GDP,106.577780541254
ESP,Spain,Europe,2018,GC.DOD.TOTL.GD.ZS,Public_debt_pct_GDP,107.203121896334
ESP,Spain,Europe,2019,GC.DOD.TOTL.GD.ZS,Public_debt_pct_GDP,111.293101275415
ESP,Spain,Europe,2020,GC.DOD.TOTL.GD.ZS,Public_debt_pct_GDP,138.955245507052
ESP,Spain,Europe,2021,GC.DOD.TOTL.GD.ZS,Public_debt_pct_GDP,132.546759057657
ESP,Spain,Europe,2022,GC.DOD.TOTL.GD.ZS,Public_debt_pct_GDP,109.040623157974
ESP,Spain,Europe,2023,GC.DOD.TOTL.GD.ZS,Public_debt_pct_GDP,107.300287362269
ESP,Spain,Europe,2024,GC.DOD.TOTL.GD.ZS,Public_debt_pct_GDP,
ESP,Spain,Europe,2000,NY.GDP.MKTP.CD,GDP_USD,598102854756.08
ESP,Spain,Europe,2001,NY.GDP.MKTP.CD,GDP_USD,627798682378.741
ESP,Spain,Europe,2002,NY.GDP.MKTP.CD,GDP_USD,708938227243.923
ESP,Spain,Europe,2003,NY.GDP.MKTP.CD,GDP_USD,907963217057.645
ESP,Spain,Europe,2004,NY.GDP.MKTP.CD,GDP_USD,1069829382514.67
ESP,Spain,Europe,2005,NY.GDP.MKTP.CD,GDP_USD,1154667551775.88
ESP,Spain,Europe,2006,NY.GDP.MKTP.CD,GDP_USD,1261846683275.29
ESP,Spain,Europe,2007,NY.GDP.MKTP.CD,GDP_USD,1476746276854.51
ESP,Spain,Europe,2008,NY.GDP.MKTP.CD,GDP_USD,1636115447612.5
ESP,Spain,Europe,2009,NY.GDP.MKTP.CD,GDP_USD,1496587590847.66
ESP,Spain,Europe,2010,NY.GDP.MKTP.CD,GDP_USD,1427989078916.67
ESP,Spain,Europe,2011,NY.GDP.MKTP.CD,GDP_USD,1487568659241.25
ESP,Spain,Europe,2012,NY.GDP.MKTP.CD,GDP_USD,1330994811670.31
ESP,Spain,Europe,2013,NY.GDP.MKTP.CD,GDP_USD,1362186923157.65
ESP,Spain,Europe,2014,NY.GDP.MKTP.CD,GDP_USD,1380244561361.96
ESP,Spain,Europe,2015,NY.GDP.MKTP.CD,GDP_USD,1206164777553.12
ESP,Spain,Europe,2016,NY.GDP.MKTP.CD,GDP_USD,1243015667917.12
ESP,Spain,Europe,2017,NY.GDP.MKTP.CD,GDP_USD,1321754088818.83
ESP,Spain,Europe,2018,NY.GDP.MKTP.CD,GDP_USD,1431642809327.06
ESP,Spain,Europe,2019,NY.GDP.MKTP.CD,GDP_USD,1403496387686.27
ESP,Spain,Europe,2020,NY.GDP.MKTP.CD,GDP_USD,1289783836971.21
ESP,Spain,Europe,2021,NY.GDP.MKTP.CD,GDP_USD,1461244901852.69
ESP,Spain,Europe,2022,NY.GDP.MKTP.CD,GDP_USD,1448850658406.62
ESP,Spain,Europe,2023,NY.GDP.MKTP.CD,GDP_USD,1619481980719.64
ESP,Spain,Europe,2024,NY.GDP.MKTP.CD,GDP_USD,1725671652742.19
ESP,Spain,Europe,2000,NY.GDP.MKTP.KD.ZG,GDP_Growth_pct,5.20064125553942
ESP,Spain,Europe,2001,NY.GDP.MKTP.KD.ZG,GDP_Growth_pct,3.91908880808811
ESP,Spain,Europe,2002,NY.GDP.MKTP.KD.ZG,GDP_Growth_pct,2.75545611564098
ESP,Spain,Europe,2003,NY.GDP.MKTP.KD.ZG,GDP_Growth_pct,2.9392895953076
ESP,Spain,Europe,2004,NY.GDP.MKTP.KD.ZG,GDP_Growth_pct,3.1145314799161
ESP,Spain,Europe,2005,NY.GDP.MKTP.KD.ZG,GDP_Growth_pct,3.5512255846125
ESP,Spain,Europe,2006,NY.GDP.MKTP.KD.ZG,GDP_Growth_pct,4.04343515605099
ESP,Spain,Europe,2007,NY.GDP.MKTP.KD.ZG,GDP_Growth_pct,3.53350013165972
ESP,Spain,Europe,2008,NY.GDP.MKTP.KD.ZG,GDP_Growth_pct,0.767165748290694
ESP,Spain,Europe,2009,NY.GDP.MKTP.KD.ZG,GDP_Growth_pct,-3.76813306940053
ESP,Spain,Europe,2010,NY.GDP.MKTP.KD.ZG,GDP_Growth_pct,0.0941223116369514
ESP,Spain,Europe,2011,NY.GDP.MKTP.KD.ZG,GDP_Growth_pct,-0.639920636520344
ESP,Spain,Europe,2012,NY.GDP.MKTP.KD.ZG,GDP_Growth_pct,-2.86511368637748
ESP,Spain,Europe,2013,NY.GDP.MKTP.KD.ZG,GDP_Growth_pct,-1.42732224757626
ESP,Spain,Europe,2014,NY.GDP.MKTP.KD.ZG,GDP_Growth_pct,1.52048593647231
ESP,Spain,Europe,2015,NY.GDP.MKTP.KD.ZG,GDP_Growth_pct,4.06086672473866
ESP,Spain,Europe,2016,NY.GDP.MKTP.KD.ZG,GDP_Growth_pct,2.91515598595787
ESP,Spain,Europe,2017,NY.GDP.MKTP.KD.ZG,GDP_Growth_pct,2.89604207865007
ESP,Spain,Europe,2018,NY.GDP.MKTP.KD.ZG,GDP_Growth_pct,2.39541124478878
ESP,Spain,Europe,2019,NY.GDP.MKTP.KD.ZG,GDP_Growth_pct,1.96117850841711
ESP,Spain,Europe,2020,NY.GDP.MKTP.KD.ZG,GDP_Growth_pct,-10.9400706350371
ESP,Spain,Europe,2021,NY.GDP.MKTP.KD.ZG,GDP_Growth_pct,6.68314420473001
ESP,Spain,Europe,2022,NY.GDP.MKTP.KD.ZG,GDP_Growth_pct,6.37031712129601
ESP,Spain,Europe,2023,NY.GDP.MKTP.KD.ZG,GDP_Growth_pct,2.46085796805582
ESP,Spain,Europe,2024,NY.GDP.MKTP.KD.ZG,GDP_Growth_pct,3.45525405630191
ESP,Spain,Europe,2000,NY.GDP.PCAP.CD,GDP_per_capita_USD,14743.2671031455
ESP,Spain,Europe,2001,NY.GDP.PCAP.CD,GDP_per_capita_USD,15368.2337984435
ESP,Spain,Europe,2002,NY.GDP.PCAP.CD,GDP_per_capita_USD,17111.0685058941
ESP,Spain,Europe,2003,NY.GDP.PCAP.CD,GDP_per_capita_USD,21522.0170990262
ESP,Spain,Europe,2004,NY.GDP.PCAP.CD,GDP_per_capita_USD,24925.0267844576
ESP,Spain,Europe,2005,NY.GDP.PCAP.CD,GDP_per_capita_USD,26450.9530130382
ESP,Spain,Europe,2006,NY.GDP.PCAP.CD,GDP_per_capita_USD,28421.686527407
ESP,Spain,Europe,2007,NY.GDP.PCAP.CD,GDP_per_capita_USD,32652.015594702
ESP,Spain,Europe,2008,NY.GDP.PCAP.CD,GDP_per_capita_USD,35603.248328071
ESP,Spain,Europe,2009,NY.GDP.PCAP.CD,GDP_per_capita_USD,32279.8208476151
ESP,Spain,Europe,2010,NY.GDP.PCAP.CD,GDP_per_capita_USD,30658.7422282912
ESP,Spain,Europe,2011,NY.GDP.PCAP.CD,GDP_per_capita_USD,31824.6219134777
ESP,Spain,Europe,2012,NY.GDP.PCAP.CD,GDP_per_capita_USD,28456.4438151477
ESP,Spain,Europe,2013,NY.GDP.PCAP.CD,GDP_per_capita_USD,29228.846559842
ESP,Spain,Europe,2014,NY.GDP.PCAP.CD,GDP_per_capita_USD,29707.765509467
ESP,Spain,Europe,2015,NY.GDP.PCAP.CD,GDP_per_capita_USD,25982.4416197775
ESP,Spain,Europe,2016,NY.GDP.PCAP.CD,GDP_per_capita_USD,26755.6061149398
ESP,Spain,Europe,2017,NY.GDP.PCAP.CD,GDP_per_capita_USD,28381.3425596906
ESP,Spain,Europe,2018,NY.GDP.PCAP.CD,GDP_per_capita_USD,30602.4212881113
ESP,Spain,Europe,2019,NY.GDP.PCAP.CD,GDP_per_capita_USD,29786.5245689007
ESP,Spain,Europe,2020,NY.GDP.PCAP.CD,GDP_per_capita_USD,27233.9426461608
ESP,Spain,Europe,2021,NY.GDP.PCAP.CD,GDP_per_capita_USD,30799.4775937775
ESP,Spain,Europe,2022,NY.GDP.PCAP.CD,GDP_per_capita_USD,30319.4987196616
ESP,Spain,Europe,2023,NY.GDP.PCAP.CD,GDP_per_capita_USD,33493.2225409111
ESP,Spain,Europe,2024,NY.GDP.PCAP.CD,GDP_per_capita_USD,35326.7683069278
ESP,Spain,Europe,2000,SL.UEM.TOTL.ZS,Unemployment_pct,13.785
ESP,Spain,Europe,2001,SL.UEM.TOTL.ZS,Unemployment_pct,10.348
ESP,Spain,Europe,2002,SL.UEM.TOTL.ZS,Unemployment_pct,11.146
ESP,Spain,Europe,2003,SL.UEM.TOTL.ZS,Unemployment_pct,11.283
ESP,Spain,Europe,2004,SL.UEM.TOTL.ZS,Unemployment_pct,11.09
ESP,Spain,Europe,2005,SL.UEM.TOTL.ZS,Unemployment_pct,9.146
ESP,Spain,Europe,2006,SL.UEM.TOTL.ZS,Unemployment_pct,8.452
ESP,Spain,Europe,2007,SL.UEM.TOTL.ZS,Unemployment_pct,8.232
ESP,Spain,Europe,2008,SL.UEM.TOTL.ZS,Unemployment_pct,11.254
ESP,Spain,Europe,2009,SL.UEM.TOTL.ZS,Unemployment_pct,17.857
ESP,Spain,Europe,2010,SL.UEM.TOTL.ZS,Unemployment_pct,19.86
ESP,Spain,Europe,2011,SL.UEM.TOTL.ZS,Unemployment_pct,21.39
ESP,Spain,Europe,2012,SL.UEM.TOTL.ZS,Unemployment_pct,24.789
ESP,Spain,Europe,2013,SL.UEM.TOTL.ZS,Unemployment_pct,26.094
ESP,Spain,Europe,2014,SL.UEM.TOTL.ZS,Unemployment_pct,24.441
ESP,Spain,Europe,2015,SL.UEM.TOTL.ZS,Unemployment_pct,22.057
ESP,Spain,Europe,2016,SL.UEM.TOTL.ZS,Unemployment_pct,19.635
ESP,Spain,Europe,2017,SL.UEM.TOTL.ZS,Unemployment_pct,17.224
ESP,Spain,Europe,2018,SL.UEM.TOTL.ZS,Unemployment_pct,15.255
ESP,Spain,Europe,2019,SL.UEM.TOTL.ZS,Unemployment_pct,14.104
ESP,Spain,Europe,2020,SL.UEM.TOTL.ZS,Unemployment_pct,15.532
ESP,Spain,Europe,2021,SL.UEM.TOTL.ZS,Unemployment_pct,14.781
ESP,Spain,Europe,2022,SL.UEM.TOTL.ZS,Unemployment_pct,12.917
ESP,Spain,Europe,2023,SL.UEM.TOTL.ZS,Unemployment_pct,12.179
ESP,Spain,Europe,2024,SL.UEM.TOTL.ZS,Unemployment_pct,11.394
FRA,France,Europe,2000,FP.CPI.TOTL.ZG,Inflation_pct,1.67595988720927
FRA,France,Europe,2001,FP.CPI.TOTL.ZG,Inflation_pct,1.63478079549601
FRA,France,Europe,2002,FP.CPI.TOTL.ZG,Inflation_pct,1.9234122872706
FRA,France,Europe,2003,FP.CPI.TOTL.ZG,Inflation_pct,2.09847219146923
FRA,France,Europe,2004,FP.CPI.TOTL.ZG,Inflation_pct,2.14208964640241
FRA,France,Europe,2005,FP.CPI.TOTL.ZG,Inflation_pct,1.74586936380482
FRA,France,Europe,2006,FP.CPI.TOTL.ZG,Inflation_pct,1.67512449608723
FRA,France,Europe,2007,FP.CPI.TOTL.ZG,Inflation_pct,1.4879980595386
FRA,France,Europe,2008,FP.CPI.TOTL.ZG,Inflation_pct,2.81286194914787
FRA,France,Europe,2009,FP.CPI.TOTL.ZG,Inflation_pct,0.0876204781574552
FRA,France,Europe,2010,FP.CPI.TOTL.ZG,Inflation_pct,1.53112270420926
FRA,France,Europe,2011,FP.CPI.TOTL.ZG,Inflation_pct,2.11159795174994
FRA,France,Europe,2012,FP.CPI.TOTL.ZG,Inflation_pct,1.9541953161351
FRA,France,Europe,2013,FP.CPI.TOTL.ZG,Inflation_pct,0.863715497861805
FRA,France,Europe,2014,FP.CPI.TOTL.ZG,Inflation_pct,0.50775882293799
FRA,France,Europe,2015,FP.CPI.TOTL.ZG,Inflation_pct,0.0375143805125182
FRA,France,Europe,2016,FP.CPI.TOTL.ZG,Inflation_pct,0.18333486112386
FRA,France,Europe,2017,FP.CPI.TOTL.ZG,Inflation_pct,1.03228275064662
FRA,France,Europe,2018,FP.CPI.TOTL.ZG,Inflation_pct,1.85081508315502
FRA,France,Europe,2019,FP.CPI.TOTL.ZG,Inflation_pct,1.10825492288294
FRA,France,Europe,2020,FP.CPI.TOTL.ZG,Inflation_pct,0.476498852725066
FRA,France,Europe,2021,FP.CPI.TOTL.ZG,Inflation_pct,1.64233141038385
FRA,France,Europe,2022,FP.CPI.TOTL.ZG,Inflation_pct,5.22236748369735
FRA,France,Europe,2023,FP.CPI.TOTL.ZG,Inflation_pct,4.87835726508441
FRA,France,Europe,2024,FP.CPI.TOTL.ZG,Inflation_pct,1.99904942291463
FRA,France,Europe,2000,GC.DOD.TOTL.GD.ZS,Public_debt_pct_GDP,
FRA,France,Europe,2001,GC.DOD.TOTL.GD.ZS,Public_debt_pct_GDP,
FRA,France,Europe,2002,GC.DOD.TOTL.GD.ZS,Public_debt_pct_GDP,
FRA,France,Europe,2003,GC.DOD.TOTL.GD.ZS,Public_debt_pct_GDP,
FRA,France,Europe,2004,GC.DOD.TOTL.GD.ZS,Public_debt_pct_GDP,
FRA,France,Europe,2005,GC.DOD.TOTL.GD.ZS,Public_debt_pct_GDP,
FRA,France,Europe,2006,GC.DOD.TOTL.GD.ZS,Public_debt_pct_GDP,
FRA,France,Europe,2007,GC.DOD.TOTL.GD.ZS,Public_debt_pct_GDP,
FRA,France,Europe,2008,GC.DOD.TOTL.GD.ZS,Public_debt_pct_GDP,
FRA,France,Europe,2009,GC.DOD.TOTL.GD.ZS,Public_debt_pct_GDP,
FRA,France,Europe,2010,GC.DOD.TOTL.GD.ZS,Public_debt_pct_GDP,
FRA,France,Europe,2011,GC.DOD.TOTL.GD.ZS,Public_debt_pct_GDP,
FRA,France,Europe,2012,GC.DOD.TOTL.GD.ZS,Public_debt_pct_GDP,
FRA,France,Europe,2013,GC.DOD.TOTL.GD.ZS,Public_debt_pct_GDP,
FRA,France,Europe,2014,GC.DOD.TOTL.GD.ZS,Public_debt_pct_GDP,
FRA,France,Europe,2015,GC.DOD.TOTL.GD.ZS,Public_debt_pct_GDP,
FRA,France,Europe,2016,GC.DOD.TOTL.GD.ZS,Public_debt_pct_GDP,
FRA,France,Europe,2017,GC.DOD.TOTL.GD.ZS,Public_debt_pct_GDP,
FRA,France,Europe,2018,GC.DOD.TOTL.GD.ZS,Public_debt_pct_GDP,
FRA,France,Europe,2019,GC.DOD.TOTL.GD.ZS,Public_debt_pct_GDP,
FRA,France,Europe,2020,GC.DOD.TOTL.GD.ZS,Public_debt_pct_GDP,
FRA,France,Europe,2021,GC.DOD.TOTL.GD.ZS,Public_debt_pct_GDP,
FRA,France,Europe,2022,GC.DOD.TOTL.GD.ZS,Public_debt_pct_GDP,
FRA,France,Europe,2023,GC.DOD.TOTL.GD.ZS,Public_debt_pct_GDP,
FRA,France,Europe,2024,GC.DOD.TOTL.GD.ZS,Public_debt_pct_GDP,
FRA,France,Europe,2000,NY.GDP.MKTP.CD,GDP_USD,1360959069477.49
FRA,France,Europe,2001,NY.GDP.MKTP.CD,GDP_USD,1370376677298.86
FRA,France,Europe,2002,NY.GDP.MKTP.CD,GDP_USD,1492427756382.43
FRA,France,Europe,2003,NY.GDP.MKTP.CD,GDP_USD,1835095983049.09
FRA,France,Europe,2004,NY.GDP.MKTP.CD,GDP_USD,2109792297237.03
FRA,France,Europe,2005,NY.GDP.MKTP.CD,GDP_USD,2192146403028.17
FRA,France,Europe,2006,NY.GDP.MKTP.CD,GDP_USD,2317861544690.82
FRA,France,Europe,2007,NY.GDP.MKTP.CD,GDP_USD,2655816911866.56
FRA,France,Europe,2008,NY.GDP.MKTP.CD,GDP_USD,2926802941585.86
FRA,France,Europe,2009,NY.GDP.MKTP.CD,GDP_USD,2700075882518.98
FRA,France,Europe,2010,NY.GDP.MKTP.CD,GDP_USD,2646230027988.34
FRA,France,Europe,2011,NY.GDP.MKTP.CD,GDP_USD,2870408553990.28
FRA,France,Europe,2012,NY.GDP.MKTP.CD,GDP_USD,2683007095787.23
FRA,France,Europe,2013,NY.GDP.MKTP.CD,GDP_USD,2816077607875.26
FRA,France,Europe,2014,NY.GDP.MKTP.CD,GDP_USD,2861236112552.42
FRA,France,Europe,2015,NY.GDP.MKTP.CD,GDP_USD,2442483452642.5
FRA,France,Europe,2016,NY.GDP.MKTP.CD,GDP_USD,2470407619777.13
FRA,France,Europe,2017,NY.GDP.MKTP.CD,GDP_USD,2588868323334.71
FRA,France,Europe,2018,NY.GDP.MKTP.CD,GDP_USD,2781576320884.39
FRA,France,Europe,2019,NY.GDP.MKTP.CD,GDP_USD,2722793515171.76
FRA,France,Europe,2020,NY.GDP.MKTP.CD,GDP_USD,2647926055110.05
FRA,France,Europe,2021,NY.GDP.MKTP.CD,GDP_USD,2966433692008.09
FRA,France,Europe,2022,NY.GDP.MKTP.CD,GDP_USD,2794788137066.94
FRA,France,Europe,2023,NY.GDP.MKTP.CD,GDP_USD,3056250648138.29
FRA,France,Europe,2024,NY.GDP.MKTP.CD,GDP_USD,3160442622465.08
FRA,France,Europe,2000,NY.GDP.MKTP.KD.ZG,GDP_Growth_pct,4.14099996402915
FRA,France,Europe,2001,NY.GDP.MKTP.KD.ZG,GDP_Growth_pct,1.89946701186636
FRA,France,Europe,2002,NY.GDP.MKTP.KD.ZG,GDP_Growth_pct,1.06775027069419
FRA,France,Europe,2003,NY.GDP.MKTP.KD.ZG,GDP_Growth_pct,0.967827182558352
FRA,France,Europe,2004,NY.GDP.MKTP.KD.ZG,GDP_Growth_pct,2.86825052501032
FRA,France,Europe,2005,NY.GDP.MKTP.KD.ZG,GDP_Growth_pct,1.88856584109286
FRA,France,Europe,2006,NY.GDP.MKTP.KD.ZG,GDP_Growth_pct,2.71406448755236
FRA,France,Europe,2007,NY.GDP.MKTP.KD.ZG,GDP_Growth_pct,2.53048188351066
FRA,France,Europe,2008,NY.GDP.MKTP.KD.ZG,GDP_Growth_pct,0.380171435849121
FRA,France,Europe,2009,NY.GDP.MKTP.KD.ZG,GDP_Growth_pct,-2.82455153714783
FRA,France,Europe,2010,NY.GDP.MKTP.KD.ZG,GDP_Growth_pct,2.00032476039051
FRA,France,Europe,2011,NY.GDP.MKTP.KD.ZG,GDP_Growth_pct,2.43757653729007
FRA,France,Europe,2012,NY.GDP.MKTP.KD.ZG,GDP_Growth_pct,0.183835264973013
FRA,France,Europe,2013,NY.GDP.MKTP.KD.ZG,GDP_Growth_pct,0.781756446231
FRA,France,Europe,2014,NY.GDP.MKTP.KD.ZG,GDP_Growth_pct,0.997832947295251
FRA,France,Europe,2015,NY.GDP.MKTP.KD.ZG,GDP_Growth_pct,1.06675474783462
FRA,France,Europe,2016,NY.GDP.MKTP.KD.ZG,GDP_Growth_pct,0.860031075424033
FRA,France,Europe,2017,NY.GDP.MKTP.KD.ZG,GDP_Growth_pct,2.08361485997399
FRA,France,Europe,2018,NY.GDP.MKTP.KD.ZG,GDP_Growth_pct,1.64590872395887
FRA,France,Europe,2019,NY.GDP.MKTP.KD.ZG,GDP_Growth_pct,2.02744646419237
FRA,France,Europe,2020,NY.GDP.MKTP.KD.ZG,GDP_Growth_pct,-7.44064589948231
FRA,France,Europe,2021,NY.GDP.MKTP.KD.ZG,GDP_Growth_pct,6.88233783360239
FRA,France,Europe,2022,NY.GDP.MKTP.KD.ZG,GDP_Growth_pct,2.71676264185913
FRA,France,Europe,2023,NY.GDP.MKTP.KD.ZG,GDP_Growth_pct,1.43921494437743
FRA,France,Europe,2024,NY.GDP.MKTP.KD.ZG,GDP_Growth_pct,1.19046798275883
FRA,France,Europe,2000,NY.GDP.PCAP.CD,GDP_per_capita_USD,22340.5939516217
FRA,France,Europe,2001,NY.GDP.PCAP.CD,GDP_per_capita_USD,22331.7948343036
FRA,France,Europe,2002,NY.GDP.PCAP.CD,GDP_per_capita_USD,24144.5727019529
FRA,France,Europe,2003,NY.GDP.PCAP.CD,GDP_per_capita_USD,29479.5222101175
FRA,France,Europe,2004,NY.GDP.PCAP.CD,GDP_per_capita_USD,33644.9282220364
FRA,France,Europe,2005,NY.GDP.PCAP.CD,GDP_per_capita_USD,34696.3718316971
FRA,France,Europe,2006,NY.GDP.PCAP.CD,GDP_per_capita_USD,36431.5658906555
FRA,France,Europe,2007,NY.GDP.PCAP.CD,GDP_per_capita_USD,41486.1907828787
FRA,France,Europe,2008,NY.GDP.PCAP.CD,GDP_per_capita_USD,45464.8181385158
FRA,France,Europe,2009,NY.GDP.PCAP.CD,GDP_per_capita_USD,41728.0884164132
FRA,France,Europe,2010,NY.GDP.PCAP.CD,GDP_per_capita_USD,40694.8211697025
FRA,France,Europe,2011,NY.GDP.PCAP.CD,GDP_per_capita_USD,43929.7840873812
FRA,France,Europe,2012,NY.GDP.PCAP.CD,GDP_per_capita_USD,40863.5814412333
FRA,France,Europe,2013,NY.GDP.PCAP.CD,GDP_per_capita_USD,42669.1795111893
FRA,France,Europe,2014,NY.GDP.PCAP.CD,GDP_per_capita_USD,43148.0459288416
FRA,France,Europe,2015,NY.GDP.PCAP.CD,GDP_per_capita_USD,36702.4323733379
FRA,France,Europe,2016,NY.GDP.PCAP.CD,GDP_per_capita_USD,37024.2157133669
FRA,France,Europe,2017,NY.GDP.PCAP.CD,GDP_per_capita_USD,38687.1626407164
FRA,France,Europe,2018,NY.GDP.PCAP.CD,GDP_per_capita_USD,41418.1766484844
FRA,France,Europe,2019,NY.GDP.PCAP.CD,GDP_per_capita_USD,40408.2848574751
FRA,France,Europe,2020,NY.GDP.PCAP.CD,GDP_per_capita_USD,39169.8606000707
FRA,France,Europe,2021,NY.GDP.PCAP.CD,GDP_per_capita_USD,43725.0999521245
FRA,France,Europe,2022,NY.GDP.PCAP.CD,GDP_per_capita_USD,40988.6396406579
FRA,France,Europe,2023,NY.GDP.PCAP.CD,GDP_per_capita_USD,44700.1384177544
FRA,France,Europe,2024,NY.GDP.PCAP.CD,GDP_per_capita_USD,46103.0840855884
FRA,France,Europe,2000,SL.UEM.TOTL.ZS,Unemployment_pct,10.218
FRA,France,Europe,2001,SL.UEM.TOTL.ZS,Unemployment_pct,8.61
FRA,France,Europe,2002,SL.UEM.TOTL.ZS,Unemployment_pct,8.702
FRA,France,Europe,2003,SL.UEM.TOTL.ZS,Unemployment_pct,8.306
FRA,France,Europe,2004,SL.UEM.TOTL.ZS,Unemployment_pct,8.914
FRA,France,Europe,2005,SL.UEM.TOTL.ZS,Unemployment_pct,8.882
FRA,France,Europe,2006,SL.UEM.TOTL.ZS,Unemployment_pct,8.832
FRA,France,Europe,2007,SL.UEM.TOTL.ZS,Unemployment_pct,8.008
FRA,France,Europe,2008,SL.UEM.TOTL.ZS,Unemployment_pct,7.386
FRA,France,Europe,2009,SL.UEM.TOTL.ZS,Unemployment_pct,9.122
FRA,France,Europe,2010,SL.UEM.TOTL.ZS,Unemployment_pct,9.279
FRA,France,Europe,2011,SL.UEM.TOTL.ZS,Unemployment_pct,9.228
FRA,France,Europe,2012,SL.UEM.TOTL.ZS,Unemployment_pct,9.841
FRA,France,Europe,2013,SL.UEM.TOTL.ZS,Unemployment_pct,9.913
FRA,France,Europe,2014,SL.UEM.TOTL.ZS,Unemployment_pct,10.273
FRA,France,Europe,2015,SL.UEM.TOTL.ZS,Unemployment_pct,10.354
FRA,France,Europe,2016,SL.UEM.TOTL.ZS,Unemployment_pct,10.057
FRA,France,Europe,2017,SL.UEM.TOTL.ZS,Unemployment_pct,9.409
FRA,France,Europe,2018,SL.UEM.TOTL.ZS,Unemployment_pct,9.018
FRA,France,Europe,2019,SL.UEM.TOTL.ZS,Unemployment_pct,8.415
FRA,France,Europe,2020,SL.UEM.TOTL.ZS,Unemployment_pct,8.009
FRA,France,Europe,2021,SL.UEM.TOTL.ZS,Unemployment_pct,7.874
FRA,France,Europe,2022,SL.UEM.TOTL.ZS,Unemployment_pct,7.308
FRA,France,Europe,2023,SL.UEM.TOTL.ZS,Unemployment_pct,7.335
FRA,France,Europe,2024,SL.UEM.TOTL.ZS,Unemployment_pct,7.37
GBR,United Kingdom,Europe,2000,FP.CPI.TOTL.ZG,Inflation_pct,1.18295624210408
GBR,United Kingdom,Europe,2001,FP.CPI.TOTL.ZG,Inflation_pct,1.53234960272418
GBR,United Kingdom,Europe,2002,FP.CPI.TOTL.ZG,Inflation_pct,1.52040245947455
GBR,United Kingdom,Europe,2003,FP.CPI.TOTL.ZG,Inflation_pct,1.37650038542013
GBR,United Kingdom,Europe,2004,FP.CPI.TOTL.ZG,Inflation_pct,1.39039756680422
GBR,United Kingdom,Europe,2005,FP.CPI.TOTL.ZG,Inflation_pct,2.0891364902507
GBR,United Kingdom,Europe,2006,FP.CPI.TOTL.ZG,Inflation_pct,2.4556616643929
GBR,United Kingdom,Europe,2007,FP.CPI.TOTL.ZG,Inflation_pct,2.38656150773327
GBR,United Kingdom,Europe,2008,FP.CPI.TOTL.ZG,Inflation_pct,3.52140856342539
GBR,United Kingdom,Europe,2009,FP.CPI.TOTL.ZG,Inflation_pct,1.96173173560109
GBR,United Kingdom,Europe,2010,FP.CPI.TOTL.ZG,Inflation_pct,2.49265472467065
GBR,United Kingdom,Europe,2011,FP.CPI.TOTL.ZG,Inflation_pct,3.8561124468282
GBR,United Kingdom,Europe,2012,FP.CPI.TOTL.ZG,Inflation_pct,2.5732347965453
GBR,United Kingdom,Europe,2013,FP.CPI.TOTL.ZG,Inflation_pct,2.29166666666659
GBR,United Kingdom,Europe,2014,FP.CPI.TOTL.ZG,Inflation_pct,1.45112016293279
GBR,United Kingdom,Europe,2015,FP.CPI.TOTL.ZG,Inflation_pct,0.36804684232536
GBR,United Kingdom,Europe,2016,FP.CPI.TOTL.ZG,Inflation_pct,1.0084173681141
GBR,United Kingdom,Europe,2017,FP.CPI.TOTL.ZG,Inflation_pct,2.55775577557747
GBR,United Kingdom,Europe,2018,FP.CPI.TOTL.ZG,Inflation_pct,2.29283990345938
GBR,United Kingdom,Europe,2019,FP.CPI.TOTL.ZG,Inflation_pct,1.73810460086513
GBR,United Kingdom,Europe,2020,FP.CPI.TOTL.ZG,Inflation_pct,0.989486703772491
GBR,United Kingdom,Europe,2021,FP.CPI.TOTL.ZG,Inflation_pct,2.51837109614213
GBR,United Kingdom,Europe,2022,FP.CPI.TOTL.ZG,Inflation_pct,7.92204883147902
GBR,United Kingdom,Europe,2023,FP.CPI.TOTL.ZG,Inflation_pct,6.79396706793963
GBR,United Kingdom,Europe,2024,FP.CPI.TOTL.ZG,Inflation_pct,3.2715729463592
GBR,United Kingdom,Europe,2000,GC.DOD.TOTL.GD.ZS,Public_debt_pct_GDP,87.284376049437
GBR,United Kingdom,Europe,2001,GC.DOD.TOTL.GD.ZS,Public_debt_pct_GDP,84.04178204707
GBR,United Kingdom,Europe,2002,GC.DOD.TOTL.GD.ZS,Public_debt_pct_GDP,86.1686223366587
GBR,United Kingdom,Europe,2003,GC.DOD.TOTL.GD.ZS,Public_debt_pct_GDP,86.4073086616893
GBR,United Kingdom,Europe,2004,GC.DOD.TOTL.GD.ZS,Public_debt_pct_GDP,90.2045973945536
GBR,United Kingdom,Europe,2005,GC.DOD.TOTL.GD.ZS,Public_debt_pct_GDP,91.8639528693767
GBR,United Kingdom,Europe,2006,GC.DOD.TOTL.GD.ZS,Public_debt_pct_GDP,91.788062892401
GBR,United Kingdom,Europe,2007,GC.DOD.TOTL.GD.ZS,Public_debt_pct_GDP,93.3735852072108
GBR,United Kingdom,Europe,2008,GC.DOD.TOTL.GD.ZS,Public_debt_pct_GDP,104.84023075526
GBR,United Kingdom,Europe,2009,GC.DOD.TOTL.GD.ZS,Public_debt_pct_GDP,122.887383328898
GBR,United Kingdom,Europe,2010,GC.DOD.TOTL.GD.ZS,Public_debt_pct_GDP,130.497283454602
GBR,United Kingdom,Europe,2011,GC.DOD.TOTL.GD.ZS,Public_debt_pct_GDP,143.125971214621
GBR,United Kingdom,Europe,2012,GC.DOD.TOTL.GD.ZS,Public_debt_pct_GDP,146.371335905972
GBR,United Kingdom,Europe,2013,GC.DOD.TOTL.GD.ZS,Public_debt_pct_GDP,141.033172505075
GBR,United Kingdom,Europe,2014,GC.DOD.TOTL.GD.ZS,Public_debt_pct_GDP,149.584281299965
GBR,United Kingdom,Europe,2015,GC.DOD.TOTL.GD.ZS,Public_debt_pct_GDP,147.063146778865
GBR,United Kingdom,Europe,2016,GC.DOD.TOTL.GD.ZS,Public_debt_pct_GDP,155.581504971929
GBR,United Kingdom,Europe,2017,GC.DOD.TOTL.GD.ZS,Public_debt_pct_GDP,160.141177233502
GBR,United Kingdom,Europe,2018,GC.DOD.TOTL.GD.ZS,Public_debt_pct_GDP,156.766820519267
GBR,United Kingdom,Europe,2019,GC.DOD.TOTL.GD.ZS,Public_debt_pct_GDP,158.972569875821
GBR,United Kingdom,Europe,2020,GC.DOD.TOTL.GD.ZS,Public_debt_pct_GDP,194.682828796265
GBR,United Kingdom,Europe,2021,GC.DOD.TOTL.GD.ZS,Public_debt_pct_GDP,183.804848939919
GBR,United Kingdom,Europe,2022,GC.DOD.TOTL.GD.ZS,Public_debt_pct_GDP,138.215904304967
GBR,United Kingdom,Europe,2023,GC.DOD.TOTL.GD.ZS,Public_debt_pct_GDP,136.142431919028
GBR,United Kingdom,Europe,2024,GC.DOD.TOTL.GD.ZS,Public_debt_pct_GDP,131.073062954793
GBR,United Kingdom,Europe,2000,NY.GDP.MKTP.CD,GDP_USD,1671597821152.97
GBR,United Kingdom,Europe,2001,NY.GDP.MKTP.CD,GDP_USD,1656171009068.66
GBR,United Kingdom,Europe,2002,NY.GDP.MKTP.CD,GDP_USD,1790536570743.41
GBR,United Kingdom,Europe,2003,NY.GDP.MKTP.CD,GDP_USD,2061227755102.04
GBR,United Kingdom,Europe,2004,NY.GDP.MKTP.CD,GDP_USD,2429774807762.72
GBR,United Kingdom,Europe,2005,NY.GDP.MKTP.CD,GDP_USD,2551361818181.82
GBR,United Kingdom,Europe,2006,NY.GDP.MKTP.CD,GDP_USD,2719558417663.29
GBR,United Kingdom,Europe,2007,NY.GDP.MKTP.CD,GDP_USD,3104699879951.98
GBR,United Kingdom,Europe,2008,NY.GDP.MKTP.CD,GDP_USD,2945251838235.29
GBR,United Kingdom,Europe,2009,NY.GDP.MKTP.CD,GDP_USD,2429358155475.93
GBR,United Kingdom,Europe,2010,NY.GDP.MKTP.CD,GDP_USD,2496740681057.14
GBR,United Kingdom,Europe,2011,NY.GDP.MKTP.CD,GDP_USD,2675590034128.66
GBR,United Kingdom,Europe,2012,NY.GDP.MKTP.CD,GDP_USD,2719715961539.83
GBR,United Kingdom,Europe,2013,NY.GDP.MKTP.CD,GDP_USD,2796908333283.39
GBR,United Kingdom,Europe,2014,NY.GDP.MKTP.CD,GDP_USD,3085362169410.29
GBR,United Kingdom,Europe,2015,NY.GDP.MKTP.CD,GDP_USD,2945579890258.46
GBR,United Kingdom,Europe,2016,NY.GDP.MKTP.CD,GDP_USD,2706807606538.73
GBR,United Kingdom,Europe,2017,NY.GDP.MKTP.CD,GDP_USD,2699118387873.1
GBR,United Kingdom,Europe,2018,NY.GDP.MKTP.CD,GDP_USD,2897028009916.05
GBR,United Kingdom,Europe,2019,NY.GDP.MKTP.CD,GDP_USD,2875710080015.3
GBR,United Kingdom,Europe,2020,NY.GDP.MKTP.CD,GDP_USD,2724001478304.59
GBR,United Kingdom,Europe,2021,NY.GDP.MKTP.CD,GDP_USD,3194559188925.93
GBR,United Kingdom,Europe,2022,NY.GDP.MKTP.CD,GDP_USD,3181244350465.41
GBR,United Kingdom,Europe,2023,NY.GDP.MKTP.CD,GDP_USD,3420796653789.08
GBR,United Kingdom,Europe,2024,NY.GDP.MKTP.CD,GDP_USD,3686033044482.13
GBR,United Kingdom,Europe,2000,NY.GDP.MKTP.KD.ZG,GDP_Growth_pct,4.52438074810904
GBR,United Kingdom,Europe,2001,NY.GDP.MKTP.KD.ZG,GDP_Growth_pct,2.39102229602824
GBR,United Kingdom,Europe,2002,NY.GDP.MKTP.KD.ZG,GDP_Growth_pct,1.70902736258567
GBR,United Kingdom,Europe,2003,NY.GDP.MKTP.KD.ZG,GDP_Growth_pct,3.21851612669614
GBR,United Kingdom,Europe,2004,NY.GDP.MKTP.KD.ZG,GDP_Growth_pct,2.32601853325993
GBR,United Kingdom,Europe,2005,NY.GDP.MKTP.KD.ZG,GDP_Growth_pct,2.7906547174688
GBR,United Kingdom,Europe,2006,NY.GDP.MKTP.KD.ZG,GDP_Growth_pct,2.18982132415704
GBR,United Kingdom,Europe,2007,NY.GDP.MKTP.KD.ZG,GDP_Growth_pct,2.93091133582351
GBR,United Kingdom,Europe,2008,NY.GDP.MKTP.KD.ZG,GDP_Growth_pct,-0.0494116727402769
GBR,United Kingdom,Europe,2009,NY.GDP.MKTP.KD.ZG,GDP_Growth_pct,-4.58740819226323
GBR,United Kingdom,Europe,2010,NY.GDP.MKTP.KD.ZG,GDP_Growth_pct,2.26054460931586
GBR,United Kingdom,Europe,2011,NY.GDP.MKTP.KD.ZG,GDP_Growth_pct,0.851437739020326
GBR,United Kingdom,Europe,2012,NY.GDP.MKTP.KD.ZG,GDP_Growth_pct,1.52826034721852
GBR,United Kingdom,Europe,2013,NY.GDP.MKTP.KD.ZG,GDP_Growth_pct,1.71846961308464
GBR,United Kingdom,Europe,2014,NY.GDP.MKTP.KD.ZG,GDP_Growth_pct,3.16017351468152
GBR,United Kingdom,Europe,2015,NY.GDP.MKTP.KD.ZG,GDP_Growth_pct,2.14040560033371
GBR,United Kingdom,Europe,2016,NY.GDP.MKTP.KD.ZG,GDP_Growth_pct,2.20652020635357
GBR,United Kingdom,Europe,2017,NY.GDP.MKTP.KD.ZG,GDP_Growth_pct,3.02322219840339
GBR,United Kingdom,Europe,2018,NY.GDP.MKTP.KD.ZG,GDP_Growth_pct,1.55133095078786
GBR,United Kingdom,Europe,2019,NY.GDP.MKTP.KD.ZG,GDP_Growth_pct,1.25629899760824
GBR,United Kingdom,Europe,2020,NY.GDP.MKTP.KD.ZG,GDP_Growth_pct,-10.047896637362
GBR,United Kingdom,Europe,2021,NY.GDP.MKTP.KD.ZG,GDP_Growth_pct,8.5431118453255
GBR,United Kingdom,Europe,2022,NY.GDP.MKTP.KD.ZG,GDP_Growth_pct,5.14970388522993
GBR,United Kingdom,Europe,2023,NY.GDP.MKTP.KD.ZG,GDP_Growth_pct,0.271650048355255
GBR,United Kingdom,Europe,2024,NY.GDP.MKTP.KD.ZG,GDP_Growth_pct,1.1264226705118
GBR,United Kingdom,Europe,2000,NY.GDP.PCAP.CD,GDP_per_capita_USD,28383.8761094996
GBR,United Kingdom,Europe,2001,NY.GDP.PCAP.CD,GDP_per_capita_USD,28013.8729635508
GBR,United Kingdom,Europe,2002,NY.GDP.PCAP.CD,GDP_per_capita_USD,30158.7017807858
GBR,United Kingdom,Europe,2003,NY.GDP.PCAP.CD,GDP_per_capita_USD,34556.7726095905
GBR,United Kingdom,Europe,2004,NY.GDP.PCAP.CD,GDP_per_capita_USD,40504.4118103928
GBR,United Kingdom,Europe,2005,NY.GDP.PCAP.CD,GDP_per_capita_USD,42240.2462987547
GBR,United Kingdom,Europe,2006,NY.GDP.PCAP.CD,GDP_per_capita_USD,44695.161023424
GBR,United Kingdom,Europe,2007,NY.GDP.PCAP.CD,GDP_per_capita_USD,50629.0799172887
GBR,United Kingdom,Europe,2008,NY.GDP.PCAP.CD,GDP_per_capita_USD,47652.4030691881
GBR,United Kingdom,Europe,2009,NY.GDP.PCAP.CD,GDP_per_capita_USD,39009.3715547821
GBR,United Kingdom,Europe,2010,NY.GDP.PCAP.CD,GDP_per_capita_USD,39778.3220528565
GBR,United Kingdom,Europe,2011,NY.GDP.PCAP.CD,GDP_per_capita_USD,42295.9273835322
GBR,United Kingdom,Europe,2012,NY.GDP.PCAP.CD,GDP_per_capita_USD,42688.3263728372
GBR,United Kingdom,Europe,2013,NY.GDP.PCAP.CD,GDP_per_capita_USD,43606.9837896348
GBR,United Kingdom,Europe,2014,NY.GDP.PCAP.CD,GDP_per_capita_USD,47746.2421759562
GBR,United Kingdom,Europe,2015,NY.GDP.PCAP.CD,GDP_per_capita_USD,45255.3449216209
GBR,United Kingdom,Europe,2016,NY.GDP.PCAP.CD,GDP_per_capita_USD,41257.9085545556
GBR,United Kingdom,Europe,2017,NY.GDP.PCAP.CD,GDP_per_capita_USD,40916.8115070354
GBR,United Kingdom,Europe,2018,NY.GDP.PCAP.CD,GDP_per_capita_USD,43702.9976303165
GBR,United Kingdom,Europe,2019,NY.GDP.PCAP.CD,GDP_per_capita_USD,43158.7411267323
GBR,United Kingdom,Europe,2020,NY.GDP.PCAP.CD,GDP_per_capita_USD,40812.6794663879
GBR,United Kingdom,Europe,2021,NY.GDP.PCAP.CD,GDP_per_capita_USD,47691.3768799404
GBR,United Kingdom,Europe,2022,NY.GDP.PCAP.CD,GDP_per_capita_USD,47057.043229179
GBR,United Kingdom,Europe,2023,NY.GDP.PCAP.CD,GDP_per_capita_USD,49944.4702124201
GBR,United Kingdom,Europe,2024,NY.GDP.PCAP.CD,GDP_per_capita_USD,53246.3676145108
GBR,United Kingdom,Europe,2000,SL.UEM.TOTL.ZS,Unemployment_pct,5.558
GBR,United Kingdom,Europe,2001,SL.UEM.TOTL.ZS,Unemployment_pct,4.696
GBR,United Kingdom,Europe,2002,SL.UEM.TOTL.ZS,Unemployment_pct,5.037
GBR,United Kingdom,Europe,2003,SL.UEM.TOTL.ZS,Unemployment_pct,4.807
GBR,United Kingdom,Europe,2004,SL.UEM.TOTL.ZS,Unemployment_pct,4.594
GBR,United Kingdom,Europe,2005,SL.UEM.TOTL.ZS,Unemployment_pct,4.835
GBR,United Kingdom,Europe,2006,SL.UEM.TOTL.ZS,Unemployment_pct,5.411
GBR,United Kingdom,Europe,2007,SL.UEM.TOTL.ZS,Unemployment_pct,5.342
GBR,United Kingdom,Europe,2008,SL.UEM.TOTL.ZS,Unemployment_pct,5.705
GBR,United Kingdom,Europe,2009,SL.UEM.TOTL.ZS,Unemployment_pct,7.627
GBR,United Kingdom,Europe,2010,SL.UEM.TOTL.ZS,Unemployment_pct,7.924
GBR,United Kingdom,Europe,2011,SL.UEM.TOTL.ZS,Unemployment_pct,8.169
GBR,United Kingdom,Europe,2012,SL.UEM.TOTL.ZS,Unemployment_pct,8.25
GBR,United Kingdom,Europe,2013,SL.UEM.TOTL.ZS,Unemployment_pct,7.704
GBR,United Kingdom,Europe,2014,SL.UEM.TOTL.ZS,Unemployment_pct,6.363
GBR,United Kingdom,Europe,2015,SL.UEM.TOTL.ZS,Unemployment_pct,5.517
GBR,United Kingdom,Europe,2016,SL.UEM.TOTL.ZS,Unemployment_pct,4.867
GBR,United Kingdom,Europe,2017,SL.UEM.TOTL.ZS,Unemployment_pct,4.452
GBR,United Kingdom,Europe,2018,SL.UEM.TOTL.ZS,Unemployment_pct,4.12
GBR,United Kingdom,Europe,2019,SL.UEM.TOTL.ZS,Unemployment_pct,3.613
GBR,United Kingdom,Europe,2020,SL.UEM.TOTL.ZS,Unemployment_pct,4.472
GBR,United Kingdom,Europe,2021,SL.UEM.TOTL.ZS,Unemployment_pct,4.826
GBR,United Kingdom,Europe,2022,SL.UEM.TOTL.ZS,Unemployment_pct,3.73
GBR,United Kingdom,Europe,2023,SL.UEM.TOTL.ZS,Unemployment_pct,3.984
GBR,United Kingdom,Europe,2024,SL.UEM.TOTL.ZS,Unemployment_pct,4.111
GHA,Ghana,Afrique,2000,FP.CPI.TOTL.ZG,Inflation_pct,40.240933123914
GHA,Ghana,Afrique,2001,FP.CPI.TOTL.ZG,Inflation_pct,41.509496287803
GHA,Ghana,Afrique,2002,FP.CPI.TOTL.ZG,Inflation_pct,9.36093239560313
GHA,Ghana,Afrique,2003,FP.CPI.TOTL.ZG,Inflation_pct,29.7729797160384
GHA,Ghana,Afrique,2004,FP.CPI.TOTL.ZG,Inflation_pct,18.0427388232565
GHA,Ghana,Afrique,2005,FP.CPI.TOTL.ZG,Inflation_pct,15.4389920155908
GHA,Ghana,Afrique,2006,FP.CPI.TOTL.ZG,Inflation_pct,11.6791839392492
GHA,Ghana,Afrique,2007,FP.CPI.TOTL.ZG,Inflation_pct,10.7342665456292
GHA,Ghana,Afrique,2008,FP.CPI.TOTL.ZG,Inflation_pct,16.494639613412
GHA,Ghana,Afrique,2009,FP.CPI.TOTL.ZG,Inflation_pct,19.2469482220857
GHA,Ghana,Afrique,2010,FP.CPI.TOTL.ZG,Inflation_pct,10.7333898354915
GHA,Ghana,Afrique,2011,FP.CPI.TOTL.ZG,Inflation_pct,8.7284593709302
GHA,Ghana,Afrique,2012,FP.CPI.TOTL.ZG,Inflation_pct,11.1863409441067
GHA,Ghana,Afrique,2013,FP.CPI.TOTL.ZG,Inflation_pct,11.6661923071729
GHA,Ghana,Afrique,2014,FP.CPI.TOTL.ZG,Inflation_pct,15.4896160333318
GHA,Ghana,Afrique,2015,FP.CPI.TOTL.ZG,Inflation_pct,17.1499695007878
GHA,Ghana,Afrique,2016,FP.CPI.TOTL.ZG,Inflation_pct,17.4546347070868
GHA,Ghana,Afrique,2017,FP.CPI.TOTL.ZG,Inflation_pct,12.3719215507048
GHA,Ghana,Afrique,2018,FP.CPI.TOTL.ZG,Inflation_pct,7.80876516610703
GHA,Ghana,Afrique,2019,FP.CPI.TOTL.ZG,Inflation_pct,7.14364003330857
GHA,Ghana,Afrique,2020,FP.CPI.TOTL.ZG,Inflation_pct,9.88728956269944
GHA,Ghana,Afrique,2021,FP.CPI.TOTL.ZG,Inflation_pct,9.9710886750444
GHA,Ghana,Afrique,2022,FP.CPI.TOTL.ZG,Inflation_pct,31.2558951049016
GHA,Ghana,Afrique,2023,FP.CPI.TOTL.ZG,Inflation_pct,38.1069656296501
GHA,Ghana,Afrique,2024,FP.CPI.TOTL.ZG,Inflation_pct,22.8483281157842
GHA,Ghana,Afrique,2000,GC.DOD.TOTL.GD.ZS,Public_debt_pct_GDP,
GHA,Ghana,Afrique,2001,GC.DOD.TOTL.GD.ZS,Public_debt_pct_GDP,
GHA,Ghana,Afrique,2002,GC.DOD.TOTL.GD.ZS,Public_debt_pct_GDP,
GHA,Ghana,Afrique,2003,GC.DOD.TOTL.GD.ZS,Public_debt_pct_GDP,
GHA,Ghana,Afrique,2004,GC.DOD.TOTL.GD.ZS,Public_debt_pct_GDP,
GHA,Ghana,Afrique,2005,GC.DOD.TOTL.GD.ZS,Public_debt_pct_GDP,
GHA,Ghana,Afrique,2006,GC.DOD.TOTL.GD.ZS,Public_debt_pct_GDP,
GHA,Ghana,Afrique,2007,GC.DOD.TOTL.GD.ZS,Public_debt_pct_GDP,
GHA,Ghana,Afrique,2008,GC.DOD.TOTL.GD.ZS,Public_debt_pct_GDP,
GHA,Ghana,Afrique,2009,GC.DOD.TOTL.GD.ZS,Public_debt_pct_GDP,
GHA,Ghana,Afrique,2010,GC.DOD.TOTL.GD.ZS,Public_debt_pct_GDP,
GHA,Ghana,Afrique,2011,GC.DOD.TOTL.GD.ZS,Public_debt_pct_GDP,
GHA,Ghana,Afrique,2012,GC.DOD.TOTL.GD.ZS,Public_debt_pct_GDP,
GHA,Ghana,Afrique,2013,GC.DOD.TOTL.GD.ZS,Public_debt_pct_GDP,
GHA,Ghana,Afrique,2014,GC.DOD.TOTL.GD.ZS,Public_debt_pct_GDP,
GHA,Ghana,Afrique,2015,GC.DOD.TOTL.GD.ZS,Public_debt_pct_GDP,
GHA,Ghana,Afrique,2016,GC.DOD.TOTL.GD.ZS,Public_debt_pct_GDP,
GHA,Ghana,Afrique,2017,GC.DOD.TOTL.GD.ZS,Public_debt_pct_GDP,
GHA,Ghana,Afrique,2018,GC.DOD.TOTL.GD.ZS,Public_debt_pct_GDP,
GHA,Ghana,Afrique,2019,GC.DOD.TOTL.GD.ZS,Public_debt_pct_GDP,
GHA,Ghana,Afrique,2020,GC.DOD.TOTL.GD.ZS,Public_debt_pct_GDP,
GHA,Ghana,Afrique,2021,GC.DOD.TOTL.GD.ZS,Public_debt_pct_GDP,
GHA,Ghana,Afrique,2022,GC.DOD.TOTL.GD.ZS,Public_debt_pct_GDP,
GHA,Ghana,Afrique,2023,GC.DOD.TOTL.GD.ZS,Public_debt_pct_GDP,
GHA,Ghana,Afrique,2024,GC.DOD.TOTL.GD.ZS,Public_debt_pct_GDP,
GHA,Ghana,Afrique,2000,NY.GDP.MKTP.CD,GDP_USD,4982850662.20851
GHA,Ghana,Afrique,2001,NY.GDP.MKTP.CD,GDP_USD,5314872854.4405
GHA,Ghana,Afrique,2002,NY.GDP.MKTP.CD,GDP_USD,6166197847.85031
GHA,Ghana,Afrique,2003,NY.GDP.MKTP.CD,GDP_USD,7632723555.66221
GHA,Ghana,Afrique,2004,NY.GDP.MKTP.CD,GDP_USD,8881417906.71432
GHA,Ghana,Afrique,2005,NY.GDP.MKTP.CD,GDP_USD,10744568381.4456
GHA,Ghana,Afrique,2006,NY.GDP.MKTP.CD,GDP_USD,20885037596.6963
GHA,Ghana,Afrique,2007,NY.GDP.MKTP.CD,GDP_USD,24827339138.4906
GHA,Ghana,Afrique,2008,NY.GDP.MKTP.CD,GDP_USD,28679383241.0729
GHA,Ghana,Afrique,2009,NY.GDP.MKTP.CD,GDP_USD,26048720005.5233
GHA,Ghana,Afrique,2010,NY.GDP.MKTP.CD,GDP_USD,32197655566.5347
GHA,Ghana,Afrique,2011,NY.GDP.MKTP.CD,GDP_USD,39336668080.559
GHA,Ghana,Afrique,2012,NY.GDP.MKTP.CD,GDP_USD,41271701060.954
GHA,Ghana,Afrique,2013,NY.GDP.MKTP.CD,GDP_USD,62845721959.827
GHA,Ghana,Afrique,2014,NY.GDP.MKTP.CD,GDP_USD,54678533805.9064
GHA,Ghana,Afrique,2015,NY.GDP.MKTP.CD,GDP_USD,49436806230.4839
GHA,Ghana,Afrique,2016,NY.GDP.MKTP.CD,GDP_USD,56144179397.8516
GHA,Ghana,Afrique,2017,NY.GDP.MKTP.CD,GDP_USD,60385409434.8567
GHA,Ghana,Afrique,2018,NY.GDP.MKTP.CD,GDP_USD,67259353965.6087
GHA,Ghana,Afrique,2019,NY.GDP.MKTP.CD,GDP_USD,68352629246.1555
GHA,Ghana,Afrique,2020,NY.GDP.MKTP.CD,GDP_USD,70008243859.8666
GHA,Ghana,Afrique,2021,NY.GDP.MKTP.CD,GDP_USD,79514204730.3979
GHA,Ghana,Afrique,2022,NY.GDP.MKTP.CD,GDP_USD,73919003209.9866
GHA,Ghana,Afrique,2023,NY.GDP.MKTP.CD,GDP_USD,80547146878.3843
GHA,Ghana,Afrique,2024,NY.GDP.MKTP.CD,GDP_USD,82308110386.4641
GHA,Ghana,Afrique,2000,NY.GDP.MKTP.KD.ZG,GDP_Growth_pct,3.70000008164408
GHA,Ghana,Afrique,2001,NY.GDP.MKTP.KD.ZG,GDP_Growth_pct,4.00000012807919
GHA,Ghana,Afrique,2002,NY.GDP.MKTP.KD.ZG,GDP_Growth_pct,4.49999955900331
GHA,Ghana,Afrique,2003,NY.GDP.MKTP.KD.ZG,GDP_Growth_pct,5.200000133101
GHA,Ghana,Afrique,2004,NY.GDP.MKTP.KD.ZG,GDP_Growth_pct,5.59999999077445
GHA,Ghana,Afrique,2005,NY.GDP.MKTP.KD.ZG,GDP_Growth_pct,5.90000381855104
GHA,Ghana,Afrique,2006,NY.GDP.MKTP.KD.ZG,GDP_Growth_pct,6.39991260618034
GHA,Ghana,Afrique,2007,NY.GDP.MKTP.KD.ZG,GDP_Growth_pct,4.34681910440079
GHA,Ghana,Afrique,2008,NY.GDP.MKTP.KD.ZG,GDP_Growth_pct,9.14979893831817
GHA,Ghana,Afrique,2009,NY.GDP.MKTP.KD.ZG,GDP_Growth_pct,4.84448705175076
GHA,Ghana,Afrique,2010,NY.GDP.MKTP.KD.ZG,GDP_Growth_pct,7.89971194051621
GHA,Ghana,Afrique,2011,NY.GDP.MKTP.KD.ZG,GDP_Growth_pct,14.0471235803149
GHA,Ghana,Afrique,2012,NY.GDP.MKTP.KD.ZG,GDP_Growth_pct,9.2927894063005
GHA,Ghana,Afrique,2013,NY.GDP.MKTP.KD.ZG,GDP_Growth_pct,7.31252501678145
GHA,Ghana,Afrique,2014,NY.GDP.MKTP.KD.ZG,GDP_Growth_pct,2.85624016330883
GHA,Ghana,Afrique,2015,NY.GDP.MKTP.KD.ZG,GDP_Growth_pct,2.12075933817334
GHA,Ghana,Afrique,2016,NY.GDP.MKTP.KD.ZG,GDP_Growth_pct,3.37346574966936
GHA,Ghana,Afrique,2017,NY.GDP.MKTP.KD.ZG,GDP_Growth_pct,8.12889488100956
GHA,Ghana,Afrique,2018,NY.GDP.MKTP.KD.ZG,GDP_Growth_pct,6.20007768127284
GHA,Ghana,Afrique,2019,NY.GDP.MKTP.KD.ZG,GDP_Growth_pct,6.5077747939152
GHA,Ghana,Afrique,2020,NY.GDP.MKTP.KD.ZG,GDP_Growth_pct,0.513941670628171
GHA,Ghana,Afrique,2021,NY.GDP.MKTP.KD.ZG,GDP_Growth_pct,5.07646643533542
GHA,Ghana,Afrique,2022,NY.GDP.MKTP.KD.ZG,GDP_Growth_pct,3.80484980952164
GHA,Ghana,Afrique,2023,NY.GDP.MKTP.KD.ZG,GDP_Growth_pct,3.14009099763754
GHA,Ghana,Afrique,2024,NY.GDP.MKTP.KD.ZG,GDP_Growth_pct,5.59045469593266
GHA,Ghana,Afrique,2000,NY.GDP.PCAP.CD,GDP_per_capita_USD,253.746936203344
GHA,Ghana,Afrique,2001,NY.GDP.PCAP.CD,GDP_per_capita_USD,263.542156494853
GHA,Ghana,Afrique,2002,NY.GDP.PCAP.CD,GDP_per_capita_USD,297.46164468774
GHA,Ghana,Afrique,2003,NY.GDP.PCAP.CD,GDP_per_capita_USD,358.39927142073
GHA,Ghana,Afrique,2004,NY.GDP.PCAP.CD,GDP_per_capita_USD,406.132105329565
GHA,Ghana,Afrique,2005,NY.GDP.PCAP.CD,GDP_per_capita_USD,478.611909191028
GHA,Ghana,Afrique,2006,NY.GDP.PCAP.CD,GDP_per_capita_USD,906.441027564887
GHA,Ghana,Afrique,2007,NY.GDP.PCAP.CD,GDP_per_capita_USD,1050.12461524926
GHA,Ghana,Afrique,2008,NY.GDP.PCAP.CD,GDP_per_capita_USD,1182.65761256016
GHA,Ghana,Afrique,2009,NY.GDP.PCAP.CD,GDP_per_capita_USD,1047.70430093586
GHA,Ghana,Afrique,2010,NY.GDP.PCAP.CD,GDP_per_capita_USD,1263.89251760539
GHA,Ghana,Afrique,2011,NY.GDP.PCAP.CD,GDP_per_capita_USD,1507.43573198753
GHA,Ghana,Afrique,2012,NY.GDP.PCAP.CD,GDP_per_capita_USD,1543.77524235764
GHA,Ghana,Afrique,2013,NY.GDP.PCAP.CD,GDP_per_capita_USD,2294.79584693743
GHA,Ghana,Afrique,2014,NY.GDP.PCAP.CD,GDP_per_capita_USD,1949.90832923846
GHA,Ghana,Afrique,2015,NY.GDP.PCAP.CD,GDP_per_capita_USD,1722.77282833606
GHA,Ghana,Afrique,2016,NY.GDP.PCAP.CD,GDP_per_capita_USD,1912.47991339951
GHA,Ghana,Afrique,2017,NY.GDP.PCAP.CD,GDP_per_capita_USD,2012.28662641265
GHA,Ghana,Afrique,2018,NY.GDP.PCAP.CD,GDP_per_capita_USD,2195.32166016377
GHA,Ghana,Afrique,2019,NY.GDP.PCAP.CD,GDP_per_capita_USD,2186.65822682613
GHA,Ghana,Afrique,2020,NY.GDP.PCAP.CD,GDP_per_capita_USD,2195.45481659987
GHA,Ghana,Afrique,2021,NY.GDP.PCAP.CD,GDP_per_capita_USD,2445.18662529344
GHA,Ghana,Afrique,2022,NY.GDP.PCAP.CD,GDP_per_capita_USD,2229.89122647803
GHA,Ghana,Afrique,2023,NY.GDP.PCAP.CD,GDP_per_capita_USD,2383.90410483418
GHA,Ghana,Afrique,2024,NY.GDP.PCAP.CD,GDP_per_capita_USD,2390.77237652715
GHA,Ghana,Afrique,2000,SL.UEM.TOTL.ZS,Unemployment_pct,10.456
GHA,Ghana,Afrique,2001,SL.UEM.TOTL.ZS,Unemployment_pct,9.602
GHA,Ghana,Afrique,2002,SL.UEM.TOTL.ZS,Unemployment_pct,8.695
GHA,Ghana,Afrique,2003,SL.UEM.TOTL.ZS,Unemployment_pct,7.72
GHA,Ghana,Afrique,2004,SL.UEM.TOTL.ZS,Unemployment_pct,6.756
GHA,Ghana,Afrique,2005,SL.UEM.TOTL.ZS,Unemployment_pct,5.816
GHA,Ghana,Afrique,2006,SL.UEM.TOTL.ZS,Unemployment_pct,4.897
GHA,Ghana,Afrique,2007,SL.UEM.TOTL.ZS,Unemployment_pct,5.092
GHA,Ghana,Afrique,2008,SL.UEM.TOTL.ZS,Unemployment_pct,5.144
GHA,Ghana,Afrique,2009,SL.UEM.TOTL.ZS,Unemployment_pct,5.348
GHA,Ghana,Afrique,2010,SL.UEM.TOTL.ZS,Unemployment_pct,5.384
GHA,Ghana,Afrique,2011,SL.UEM.TOTL.ZS,Unemployment_pct,4.227
GHA,Ghana,Afrique,2012,SL.UEM.TOTL.ZS,Unemployment_pct,3.141
GHA,Ghana,Afrique,2013,SL.UEM.TOTL.ZS,Unemployment_pct,2.173
GHA,Ghana,Afrique,2014,SL.UEM.TOTL.ZS,Unemployment_pct,4.415
GHA,Ghana,Afrique,2015,SL.UEM.TOTL.ZS,Unemployment_pct,6.806
GHA,Ghana,Afrique,2016,SL.UEM.TOTL.ZS,Unemployment_pct,5.232
GHA,Ghana,Afrique,2017,SL.UEM.TOTL.ZS,Unemployment_pct,3.369
GHA,Ghana,Afrique,2018,SL.UEM.TOTL.ZS,Unemployment_pct,3.253
GHA,Ghana,Afrique,2019,SL.UEM.TOTL.ZS,Unemployment_pct,3.16
GHA,Ghana,Afrique,2020,SL.UEM.TOTL.ZS,Unemployment_pct,3.313
GHA,Ghana,Afrique,2021,SL.UEM.TOTL.ZS,Unemployment_pct,3.384
GHA,Ghana,Afrique,2022,SL.UEM.TOTL.ZS,Unemployment_pct,3.084
GHA,Ghana,Afrique,2023,SL.UEM.TOTL.ZS,Unemployment_pct,3.063
GHA,Ghana,Afrique,2024,SL.UEM.TOTL.ZS,Unemployment_pct,3.007
ITA,Italy,Europe,2000,FP.CPI.TOTL.ZG,Inflation_pct,2.53768532095002
ITA,Italy,Europe,2001,FP.CPI.TOTL.ZG,Inflation_pct,2.78516542713554
ITA,Italy,Europe,2002,FP.CPI.TOTL.ZG,Inflation_pct,2.46532319171165
ITA,Italy,Europe,2003,FP.CPI.TOTL.ZG,Inflation_pct,2.6725555277285
ITA,Italy,Europe,2004,FP.CPI.TOTL.ZG,Inflation_pct,2.20673661423657
ITA,Italy,Europe,2005,FP.CPI.TOTL.ZG,Inflation_pct,1.9852929852798
ITA,Italy,Europe,2006,FP.CPI.TOTL.ZG,Inflation_pct,2.09084391012754
ITA,Italy,Europe,2007,FP.CPI.TOTL.ZG,Inflation_pct,1.82974112202403
ITA,Italy,Europe,2008,FP.CPI.TOTL.ZG,Inflation_pct,3.34783258401022
ITA,Italy,Europe,2009,FP.CPI.TOTL.ZG,Inflation_pct,0.774768131387381
ITA,Italy,Europe,2010,FP.CPI.TOTL.ZG,Inflation_pct,1.52551602118248
ITA,Italy,Europe,2011,FP.CPI.TOTL.ZG,Inflation_pct,2.78063272879323
ITA,Italy,Europe,2012,FP.CPI.TOTL.ZG,Inflation_pct,3.04136333226775
ITA,Italy,Europe,2013,FP.CPI.TOTL.ZG,Inflation_pct,1.21999342274306
ITA,Italy,Europe,2014,FP.CPI.TOTL.ZG,Inflation_pct,0.241047429826756
ITA,Italy,Europe,2015,FP.CPI.TOTL.ZG,Inflation_pct,0.0387903996579733
ITA,Italy,Europe,2016,FP.CPI.TOTL.ZG,Inflation_pct,-0.09401665691575
ITA,Italy,Europe,2017,FP.CPI.TOTL.ZG,Inflation_pct,1.22653316645812
ITA,Italy,Europe,2018,FP.CPI.TOTL.ZG,Inflation_pct,1.13748763600391
ITA,Italy,Europe,2019,FP.CPI.TOTL.ZG,Inflation_pct,0.611246943765304
ITA,Italy,Europe,2020,FP.CPI.TOTL.ZG,Inflation_pct,-0.13770757391651
ITA,Italy,Europe,2021,FP.CPI.TOTL.ZG,Inflation_pct,1.87378325762481
ITA,Italy,Europe,2022,FP.CPI.TOTL.ZG,Inflation_pct,8.20128991161718
ITA,Italy,Europe,2023,FP.CPI.TOTL.ZG,Inflation_pct,5.62219442195901
ITA,Italy,Europe,2024,FP.CPI.TOTL.ZG,Inflation_pct,0.982373023061417
ITA,Italy,Europe,2000,GC.DOD.TOTL.GD.ZS,Public_debt_pct_GDP,
ITA,Italy,Europe,2001,GC.DOD.TOTL.GD.ZS,Public_debt_pct_GDP,
ITA,Italy,Europe,2002,GC.DOD.TOTL.GD.ZS,Public_debt_pct_GDP,
ITA,Italy,Europe,2003,GC.DOD.TOTL.GD.ZS,Public_debt_pct_GDP,
ITA,Italy,Europe,2004,GC.DOD.TOTL.GD.ZS,Public_debt_pct_GDP,
ITA,Italy,Europe,2005,GC.DOD.TOTL.GD.ZS,Public_debt_pct_GDP,
ITA,Italy,Europe,2006,GC.DOD.TOTL.GD.ZS,Public_debt_pct_GDP,
ITA,Italy,Europe,2007,GC.DOD.TOTL.GD.ZS,Public_debt_pct_GDP,
ITA,Italy,Europe,2008,GC.DOD.TOTL.GD.ZS,Public_debt_pct_GDP,
ITA,Italy,Europe,2009,GC.DOD.TOTL.GD.ZS,Public_debt_pct_GDP,
ITA,Italy,Europe,2010,GC.DOD.TOTL.GD.ZS,Public_debt_pct_GDP,
ITA,Italy,Europe,2011,GC.DOD.TOTL.GD.ZS,Public_debt_pct_GDP,
ITA,Italy,Europe,2012,GC.DOD.TOTL.GD.ZS,Public_debt_pct_GDP,
ITA,Italy,Europe,2013,GC.DOD.TOTL.GD.ZS,Public_debt_pct_GDP,
ITA,Italy,Europe,2014,GC.DOD.TOTL.GD.ZS,Public_debt_pct_GDP,
ITA,Italy,Europe,2015,GC.DOD.TOTL.GD.ZS,Public_debt_pct_GDP,
ITA,Italy,Europe,2016,GC.DOD.TOTL.GD.ZS,Public_debt_pct_GDP,
ITA,Italy,Europe,2017,GC.DOD.TOTL.GD.ZS,Public_debt_pct_GDP,
ITA,Italy,Europe,2018,GC.DOD.TOTL.GD.ZS,Public_debt_pct_GDP,
ITA,Italy,Europe,2019,GC.DOD.TOTL.GD.ZS,Public_debt_pct_GDP,
ITA,Italy,Europe,2020,GC.DOD.TOTL.GD.ZS,Public_debt_pct_GDP,
ITA,Italy,Europe,2021,GC.DOD.TOTL.GD.ZS,Public_debt_pct_GDP,
ITA,Italy,Europe,2022,GC.DOD.TOTL.GD.ZS,Public_debt_pct_GDP,
ITA,Italy,Europe,2023,GC.DOD.TOTL.GD.ZS,Public_debt_pct_GDP,
ITA,Italy,Europe,2024,GC.DOD.TOTL.GD.ZS,Public_debt_pct_GDP,
ITA,Italy,Europe,2000,NY.GDP.MKTP.CD,GDP_USD,1149661363439.38
ITA,Italy,Europe,2001,NY.GDP.MKTP.CD,GDP_USD,1172041488805.87
ITA,Italy,Europe,2002,NY.GDP.MKTP.CD,GDP_USD,1281746271196.04
ITA,Italy,Europe,2003,NY.GDP.MKTP.CD,GDP_USD,1582930016538.82
ITA,Italy,Europe,2004,NY.GDP.MKTP.CD,GDP_USD,1812808753294.75
ITA,Italy,Europe,2005,NY.GDP.MKTP.CD,GDP_USD,1864982261286.85
ITA,Italy,Europe,2006,NY.GDP.MKTP.CD,GDP_USD,1958563654385.64
ITA,Italy,Europe,2007,NY.GDP.MKTP.CD,GDP_USD,2222524108127.65
ITA,Italy,Europe,2008,NY.GDP.MKTP.CD,GDP_USD,2417508414187.19
ITA,Italy,Europe,2009,NY.GDP.MKTP.CD,GDP_USD,2209484319012.65
ITA,Italy,Europe,2010,NY.GDP.MKTP.CD,GDP_USD,2144936254535.0
ITA,Italy,Europe,2011,NY.GDP.MKTP.CD,GDP_USD,2306974020278.21
ITA,Italy,Europe,2012,NY.GDP.MKTP.CD,GDP_USD,2097929495121.68
ITA,Italy,Europe,2013,NY.GDP.MKTP.CD,GDP_USD,2153225581941.46
ITA,Italy,Europe,2014,NY.GDP.MKTP.CD,GDP_USD,2173255507985.84
ITA,Italy,Europe,2015,NY.GDP.MKTP.CD,GDP_USD,1845428048839.1
ITA,Italy,Europe,2016,NY.GDP.MKTP.CD,GDP_USD,1887111188176.93
ITA,Italy,Europe,2017,NY.GDP.MKTP.CD,GDP_USD,1970720904584.71
ITA,Italy,Europe,2018,NY.GDP.MKTP.CD,GDP_USD,2099435266458.67
ITA,Italy,Europe,2019,NY.GDP.MKTP.CD,GDP_USD,2019606796583.53
ITA,Italy,Europe,2020,NY.GDP.MKTP.CD,GDP_USD,1907481094079.23
ITA,Italy,Europe,2021,NY.GDP.MKTP.CD,GDP_USD,2179207773596.09
ITA,Italy,Europe,2022,NY.GDP.MKTP.CD,GDP_USD,2104067630319.46
ITA,Italy,Europe,2023,NY.GDP.MKTP.CD,GDP_USD,2316727999333.18
ITA,Italy,Europe,2024,NY.GDP.MKTP.CD,GDP_USD,2380825077243.59
ITA,Italy,Europe,2000,NY.GDP.MKTP.KD.ZG,GDP_Growth_pct,3.88209885062652
ITA,Italy,Europe,2001,NY.GDP.MKTP.KD.ZG,GDP_Growth_pct,2.00643329837733
ITA,Italy,Europe,2002,NY.GDP.MKTP.KD.ZG,GDP_Growth_pct,0.26992966378873
ITA,Italy,Europe,2003,NY.GDP.MKTP.KD.ZG,GDP_Growth_pct,0.0665538088732092
ITA,Italy,Europe,2004,NY.GDP.MKTP.KD.ZG,GDP_Growth_pct,1.4740217064723
ITA,Italy,Europe,2005,NY.GDP.MKTP.KD.ZG,GDP_Growth_pct,0.762410677306491
ITA,Italy,Europe,2006,NY.GDP.MKTP.KD.ZG,GDP_Growth_pct,1.79947992234244
ITA,Italy,Europe,2007,NY.GDP.MKTP.KD.ZG,GDP_Growth_pct,1.46229205289291
ITA,Italy,Europe,2008,NY.GDP.MKTP.KD.ZG,GDP_Growth_pct,-1.02313851177097
ITA,Italy,Europe,2009,NY.GDP.MKTP.KD.ZG,GDP_Growth_pct,-5.30515401233991
ITA,Italy,Europe,2010,NY.GDP.MKTP.KD.ZG,GDP_Growth_pct,1.52910573247101
ITA,Italy,Europe,2011,NY.GDP.MKTP.KD.ZG,GDP_Growth_pct,0.695463154440176
ITA,Italy,Europe,2012,NY.GDP.MKTP.KD.ZG,GDP_Growth_pct,-3.12523877282996
ITA,Italy,Europe,2013,NY.GDP.MKTP.KD.ZG,GDP_Growth_pct,-1.81802510749792
ITA,Italy,Europe,2014,NY.GDP.MKTP.KD.ZG,GDP_Growth_pct,-0.0013876173045446
ITA,Italy,Europe,2015,NY.GDP.MKTP.KD.ZG,GDP_Growth_pct,0.885667635240807
ITA,Italy,Europe,2016,NY.GDP.MKTP.KD.ZG,GDP_Growth_pct,1.23622108511661
ITA,Italy,Europe,2017,NY.GDP.MKTP.KD.ZG,GDP_Growth_pct,1.60369995294101
ITA,Italy,Europe,2018,NY.GDP.MKTP.KD.ZG,GDP_Growth_pct,0.826646712344115
ITA,Italy,Europe,2019,NY.GDP.MKTP.KD.ZG,GDP_Growth_pct,0.429162533780342
ITA,Italy,Europe,2020,NY.GDP.MKTP.KD.ZG,GDP_Growth_pct,-8.86822122185345
ITA,Italy,Europe,2021,NY.GDP.MKTP.KD.ZG,GDP_Growth_pct,8.93106210800055
ITA,Italy,Europe,2022,NY.GDP.MKTP.KD.ZG,GDP_Growth_pct,4.82117669913565
ITA,Italy,Europe,2023,NY.GDP.MKTP.KD.ZG,GDP_Growth_pct,0.975694840127005
ITA,Italy,Europe,2024,NY.GDP.MKTP.KD.ZG,GDP_Growth_pct,0.692676948440536
ITA,Italy,Europe,2000,NY.GDP.PCAP.CD,GDP_per_capita_USD,20190.0035636084
ITA,Italy,Europe,2001,NY.GDP.PCAP.CD,GDP_per_capita_USD,20570.4385917862
ITA,Italy,Europe,2002,NY.GDP.PCAP.CD,GDP_per_capita_USD,22451.3964379368
ITA,Italy,Europe,2003,NY.GDP.PCAP.CD,GDP_per_capita_USD,27577.5700319855
ITA,Italy,Europe,2004,NY.GDP.PCAP.CD,GDP_per_capita_USD,31348.1901841445
ITA,Italy,Europe,2005,NY.GDP.PCAP.CD,GDP_per_capita_USD,32062.723833669
ITA,Italy,Europe,2006,NY.GDP.PCAP.CD,GDP_per_capita_USD,33537.1286994269
ITA,Italy,Europe,2007,NY.GDP.PCAP.CD,GDP_per_capita_USD,37826.1754554823
ITA,Italy,Europe,2008,NY.GDP.PCAP.CD,GDP_per_capita_USD,40828.5795580937
ITA,Italy,Europe,2009,NY.GDP.PCAP.CD,GDP_per_capita_USD,37099.6133958219
ITA,Italy,Europe,2010,NY.GDP.PCAP.CD,GDP_per_capita_USD,35856.8625485539
ITA,Italy,Europe,2011,NY.GDP.PCAP.CD,GDP_per_capita_USD,38432.3742820019
ITA,Italy,Europe,2012,NY.GDP.PCAP.CD,GDP_per_capita_USD,34854.3949441965
ITA,Italy,Europe,2013,NY.GDP.PCAP.CD,GDP_per_capita_USD,35701.6746002376
ITA,Italy,Europe,2014,NY.GDP.PCAP.CD,GDP_per_capita_USD,36028.3494022349
ITA,Italy,Europe,2015,NY.GDP.PCAP.CD,GDP_per_capita_USD,30639.8829751432
ITA,Italy,Europe,2016,NY.GDP.PCAP.CD,GDP_per_capita_USD,31391.5692898108
ITA,Italy,Europe,2017,NY.GDP.PCAP.CD,GDP_per_capita_USD,32844.115660604
ITA,Italy,Europe,2018,NY.GDP.PCAP.CD,GDP_per_capita_USD,34904.1081923834
ITA,Italy,Europe,2019,NY.GDP.PCAP.CD,GDP_per_capita_USD,33812.788724868
ITA,Italy,Europe,2020,NY.GDP.PCAP.CD,GDP_per_capita_USD,32091.4866621366
ITA,Italy,Europe,2021,NY.GDP.PCAP.CD,GDP_per_capita_USD,36852.5425414951
ITA,Italy,Europe,2022,NY.GDP.PCAP.CD,GDP_per_capita_USD,35653.9042103495
ITA,Italy,Europe,2023,NY.GDP.PCAP.CD,GDP_per_capita_USD,39277.0838783918
ITA,Italy,Europe,2024,NY.GDP.PCAP.CD,GDP_per_capita_USD,40385.3413957669
ITA,Italy,Europe,2000,SL.UEM.TOTL.ZS,Unemployment_pct,10.834
ITA,Italy,Europe,2001,SL.UEM.TOTL.ZS,Unemployment_pct,9.599
ITA,Italy,Europe,2002,SL.UEM.TOTL.ZS,Unemployment_pct,9.211
ITA,Italy,Europe,2003,SL.UEM.TOTL.ZS,Unemployment_pct,8.869
ITA,Italy,Europe,2004,SL.UEM.TOTL.ZS,Unemployment_pct,7.866
ITA,Italy,Europe,2005,SL.UEM.TOTL.ZS,Unemployment_pct,7.73
ITA,Italy,Europe,2006,SL.UEM.TOTL.ZS,Unemployment_pct,6.777
ITA,Italy,Europe,2007,SL.UEM.TOTL.ZS,Unemployment_pct,6.076
ITA,Italy,Europe,2008,SL.UEM.TOTL.ZS,Unemployment_pct,6.723
ITA,Italy,Europe,2009,SL.UEM.TOTL.ZS,Unemployment_pct,7.749
ITA,Italy,Europe,2010,SL.UEM.TOTL.ZS,Unemployment_pct,8.363
ITA,Italy,Europe,2011,SL.UEM.TOTL.ZS,Unemployment_pct,8.359
ITA,Italy,Europe,2012,SL.UEM.TOTL.ZS,Unemployment_pct,10.655
ITA,Italy,Europe,2013,SL.UEM.TOTL.ZS,Unemployment_pct,12.149
ITA,Italy,Europe,2014,SL.UEM.TOTL.ZS,Unemployment_pct,12.683
ITA,Italy,Europe,2015,SL.UEM.TOTL.ZS,Unemployment_pct,11.896
ITA,Italy,Europe,2016,SL.UEM.TOTL.ZS,Unemployment_pct,11.688
ITA,Italy,Europe,2017,SL.UEM.TOTL.ZS,Unemployment_pct,11.211
ITA,Italy,Europe,2018,SL.UEM.TOTL.ZS,Unemployment_pct,10.61
ITA,Italy,Europe,2019,SL.UEM.TOTL.ZS,Unemployment_pct,9.951
ITA,Italy,Europe,2020,SL.UEM.TOTL.ZS,Unemployment_pct,9.164
ITA,Italy,Europe,2021,SL.UEM.TOTL.ZS,Unemployment_pct,9.497
ITA,Italy,Europe,2022,SL.UEM.TOTL.ZS,Unemployment_pct,8.069
ITA,Italy,Europe,2023,SL.UEM.TOTL.ZS,Unemployment_pct,7.627
ITA,Italy,Europe,2024,SL.UEM.TOTL.ZS,Unemployment_pct,6.778
KEN,Kenya,Afrique,2000,FP.CPI.TOTL.ZG,Inflation_pct,9.98002515350979
KEN,Kenya,Afrique,2001,FP.CPI.TOTL.ZG,Inflation_pct,5.73859814341467
KEN,Kenya,Afrique,2002,FP.CPI.TOTL.ZG,Inflation_pct,1.96130821739162
KEN,Kenya,Afrique,2003,FP.CPI.TOTL.ZG,Inflation_pct,9.81569062979654
KEN,Kenya,Afrique,2004,FP.CPI.TOTL.ZG,Inflation_pct,11.6240355442426
KEN,Kenya,Afrique,2005,FP.CPI.TOTL.ZG,Inflation_pct,10.3127783574683
KEN,Kenya,Afrique,2006,FP.CPI.TOTL.ZG,Inflation_pct,14.4537342081708
KEN,Kenya,Afrique,2007,FP.CPI.TOTL.ZG,Inflation_pct,9.75888023027529
KEN,Kenya,Afrique,2008,FP.CPI.TOTL.ZG,Inflation_pct,26.2398166445063
KEN,Kenya,Afrique,2009,FP.CPI.TOTL.ZG,Inflation_pct,9.23412592394652
KEN,Kenya,Afrique,2010,FP.CPI.TOTL.ZG,Inflation_pct,3.96138889115385
KEN,Kenya,Afrique,2011,FP.CPI.TOTL.ZG,Inflation_pct,14.0224913014704
KEN,Kenya,Afrique,2012,FP.CPI.TOTL.ZG,Inflation_pct,9.37777003547598
KEN,Kenya,Afrique,2013,FP.CPI.TOTL.ZG,Inflation_pct,5.71749357037733
KEN,Kenya,Afrique,2014,FP.CPI.TOTL.ZG,Inflation_pct,6.87815499275949
KEN,Kenya,Afrique,2015,FP.CPI.TOTL.ZG,Inflation_pct,6.58215429284779
KEN,Kenya,Afrique,2016,FP.CPI.TOTL.ZG,Inflation_pct,6.29724953814625
KEN,Kenya,Afrique,2017,FP.CPI.TOTL.ZG,Inflation_pct,8.00564967709945
KEN,Kenya,Afrique,2018,FP.CPI.TOTL.ZG,Inflation_pct,4.6898064677633
KEN,Kenya,Afrique,2019,FP.CPI.TOTL.ZG,Inflation_pct,5.23963795764792
KEN,Kenya,Afrique,2020,FP.CPI.TOTL.ZG,Inflation_pct,5.40516207933392
KEN,Kenya,Afrique,2021,FP.CPI.TOTL.ZG,Inflation_pct,6.10793603659176
KEN,Kenya,Afrique,2022,FP.CPI.TOTL.ZG,Inflation_pct,7.65986268272224
KEN,Kenya,Afrique,2023,FP.CPI.TOTL.ZG,Inflation_pct,7.67139634029402
KEN,Kenya,Afrique,2024,FP.CPI.TOTL.ZG,Inflation_pct,4.48978854243448
KEN,Kenya,Afrique,2000,GC.DOD.TOTL.GD.ZS,Public_debt_pct_GDP,
KEN,Kenya,Afrique,2001,GC.DOD.TOTL.GD.ZS,Public_debt_pct_GDP,
KEN,Kenya,Afrique,2002,GC.DOD.TOTL.GD.ZS,Public_debt_pct_GDP,
KEN,Kenya,Afrique,2003,GC.DOD.TOTL.GD.ZS,Public_debt_pct_GDP,
KEN,Kenya,Afrique,2004,GC.DOD.TOTL.GD.ZS,Public_debt_pct_GDP,
KEN,Kenya,Afrique,2005,GC.DOD.TOTL.GD.ZS,Public_debt_pct_GDP,
KEN,Kenya,Afrique,2006,GC.DOD.TOTL.GD.ZS,Public_debt_pct_GDP,
KEN,Kenya,Afrique,2007,GC.DOD.TOTL.GD.ZS,Public_debt_pct_GDP,
KEN,Kenya,Afrique,2008,GC.DOD.TOTL.GD.ZS,Public_debt_pct_GDP,
KEN,Kenya,Afrique,2009,GC.DOD.TOTL.GD.ZS,Public_debt_pct_GDP,
KEN,Kenya,Afrique,2010,GC.DOD.TOTL.GD.ZS,Public_debt_pct_GDP,
KEN,Kenya,Afrique,2011,GC.DOD.TOTL.GD.ZS,Public_debt_pct_GDP,
KEN,Kenya,Afrique,2012,GC.DOD.TOTL.GD.ZS,Public_debt_pct_GDP,
KEN,Kenya,Afrique,2013,GC.DOD.TOTL.GD.ZS,Public_debt_pct_GDP,
KEN,Kenya,Afrique,2014,GC.DOD.TOTL.GD.ZS,Public_debt_pct_GDP,
KEN,Kenya,Afrique,2015,GC.DOD.TOTL.GD.ZS,Public_debt_pct_GDP,
KEN,Kenya,Afrique,2016,GC.DOD.TOTL.GD.ZS,Public_debt_pct_GDP,
KEN,Kenya,Afrique,2017,GC.DOD.TOTL.GD.ZS,Public_debt_pct_GDP,
KEN,Kenya,Afrique,2018,GC.DOD.TOTL.GD.ZS,Public_debt_pct_GDP,
KEN,Kenya,Afrique,2019,GC.DOD.TOTL.GD.ZS,Public_debt_pct_GDP,
KEN,Kenya,Afrique,2020,GC.DOD.TOTL.GD.ZS,Public_debt_pct_GDP,
KEN,Kenya,Afrique,2021,GC.DOD.TOTL.GD.ZS,Public_debt_pct_GDP,
KEN,Kenya,Afrique,2022,GC.DOD.TOTL.GD.ZS,Public_debt_pct_GDP,
KEN,Kenya,Afrique,2023,GC.DOD.TOTL.GD.ZS,Public_debt_pct_GDP,
KEN,Kenya,Afrique,2024,GC.DOD.TOTL.GD.ZS,Public_debt_pct_GDP,
KEN,Kenya,Afrique,2000,NY.GDP.MKTP.CD,GDP_USD,12705350097.8044
KEN,Kenya,Afrique,2001,NY.GDP.MKTP.CD,GDP_USD,12986007425.8781
KEN,Kenya,Afrique,2002,NY.GDP.MKTP.CD,GDP_USD,13147736898.5176
KEN,Kenya,Afrique,2003,NY.GDP.MKTP.CD,GDP_USD,14904517649.8476
KEN,Kenya,Afrique,2004,NY.GDP.MKTP.CD,GDP_USD,16095337093.8366
KEN,Kenya,Afrique,2005,NY.GDP.MKTP.CD,GDP_USD,18737895512.7378
KEN,Kenya,Afrique,2006,NY.GDP.MKTP.CD,GDP_USD,25825512284.2891
KEN,Kenya,Afrique,2007,NY.GDP.MKTP.CD,GDP_USD,31958195182.2406
KEN,Kenya,Afrique,2008,NY.GDP.MKTP.CD,GDP_USD,35895153327.8497
KEN,Kenya,Afrique,2009,NY.GDP.MKTP.CD,GDP_USD,42347217912.9176
KEN,Kenya,Afrique,2010,NY.GDP.MKTP.CD,GDP_USD,45405615063.7551
KEN,Kenya,Afrique,2011,NY.GDP.MKTP.CD,GDP_USD,46869473150.61
KEN,Kenya,Afrique,2012,NY.GDP.MKTP.CD,GDP_USD,56396704671.5777
KEN,Kenya,Afrique,2013,NY.GDP.MKTP.CD,GDP_USD,61671440407.8387
KEN,Kenya,Afrique,2014,NY.GDP.MKTP.CD,GDP_USD,68285796514.2896
KEN,Kenya,Afrique,2015,NY.GDP.MKTP.CD,GDP_USD,70120446896.8359
KEN,Kenya,Afrique,2016,NY.GDP.MKTP.CD,GDP_USD,74815144163.8931
KEN,Kenya,Afrique,2017,NY.GDP.MKTP.CD,GDP_USD,82036510877.2599
KEN,Kenya,Afrique,2018,NY.GDP.MKTP.CD,GDP_USD,92202979985.2863
KEN,Kenya,Afrique,2019,NY.GDP.MKTP.CD,GDP_USD,100378436207.371
KEN,Kenya,Afrique,2020,NY.GDP.MKTP.CD,GDP_USD,100657505750.545
KEN,Kenya,Afrique,2021,NY.GDP.MKTP.CD,GDP_USD,109703658904.994
KEN,Kenya,Afrique,2022,NY.GDP.MKTP.CD,GDP_USD,114448978152.637
KEN,Kenya,Afrique,2023,NY.GDP.MKTP.CD,GDP_USD,107500884685.013
KEN,Kenya,Afrique,2024,NY.GDP.MKTP.CD,GDP_USD,120339557905.932
KEN,Kenya,Afrique,2000,NY.GDP.MKTP.KD.ZG,GDP_Growth_pct,0.599695390807426
KEN,Kenya,Afrique,2001,NY.GDP.MKTP.KD.ZG,GDP_Growth_pct,3.77990649795343
KEN,Kenya,Afrique,2002,NY.GDP.MKTP.KD.ZG,GDP_Growth_pct,0.546859530175595
KEN,Kenya,Afrique,2003,NY.GDP.MKTP.KD.ZG,GDP_Growth_pct,2.93247554570904
KEN,Kenya,Afrique,2004,NY.GDP.MKTP.KD.ZG,GDP_Growth_pct,5.10429977629738
KEN,Kenya,Afrique,2005,NY.GDP.MKTP.KD.ZG,GDP_Growth_pct,5.90666607980057
KEN,Kenya,Afrique,2006,NY.GDP.MKTP.KD.ZG,GDP_Growth_pct,6.47249430015484
KEN,Kenya,Afrique,2007,NY.GDP.MKTP.KD.ZG,GDP_Growth_pct,6.85072976998784
KEN,Kenya,Afrique,2008,NY.GDP.MKTP.KD.ZG,GDP_Growth_pct,0.232282744812977
KEN,Kenya,Afrique,2009,NY.GDP.MKTP.KD.ZG,GDP_Growth_pct,3.30693981631089
KEN,Kenya,Afrique,2010,NY.GDP.MKTP.KD.ZG,GDP_Growth_pct,8.05847360290906
KEN,Kenya,Afrique,2011,NY.GDP.MKTP.KD.ZG,GDP_Growth_pct,5.1211061197056
KEN,Kenya,Afrique,2012,NY.GDP.MKTP.KD.ZG,GDP_Growth_pct,4.56867961444982
KEN,Kenya,Afrique,2013,NY.GDP.MKTP.KD.ZG,GDP_Growth_pct,3.7978483925754
KEN,Kenya,Afrique,2014,NY.GDP.MKTP.KD.ZG,GDP_Growth_pct,5.02011100232484
KEN,Kenya,Afrique,2015,NY.GDP.MKTP.KD.ZG,GDP_Growth_pct,4.96772112759767
KEN,Kenya,Afrique,2016,NY.GDP.MKTP.KD.ZG,GDP_Growth_pct,4.21351706814744
KEN,Kenya,Afrique,2017,NY.GDP.MKTP.KD.ZG,GDP_Growth_pct,3.83795817364721
KEN,Kenya,Afrique,2018,NY.GDP.MKTP.KD.ZG,GDP_Growth_pct,5.64794640709219
KEN,Kenya,Afrique,2019,NY.GDP.MKTP.KD.ZG,GDP_Growth_pct,5.11415885767801
KEN,Kenya,Afrique,2020,NY.GDP.MKTP.KD.ZG,GDP_Growth_pct,-0.272766327438816
KEN,Kenya,Afrique,2021,NY.GDP.MKTP.KD.ZG,GDP_Growth_pct,7.59048947333467
KEN,Kenya,Afrique,2022,NY.GDP.MKTP.KD.ZG,GDP_Growth_pct,4.85998104287999
KEN,Kenya,Afrique,2023,NY.GDP.MKTP.KD.ZG,GDP_Growth_pct,5.71999241214208
KEN,Kenya,Afrique,2024,NY.GDP.MKTP.KD.ZG,GDP_Growth_pct,4.72473994710138
KEN,Kenya,Afrique,2000,NY.GDP.PCAP.CD,GDP_per_capita_USD,414.626365130846
KEN,Kenya,Afrique,2001,NY.GDP.PCAP.CD,GDP_per_capita_USD,410.700452474814
KEN,Kenya,Afrique,2002,NY.GDP.PCAP.CD,GDP_per_capita_USD,402.936385605382
KEN,Kenya,Afrique,2003,NY.GDP.PCAP.CD,GDP_per_capita_USD,442.898457253405
KEN,Kenya,Afrique,2004,NY.GDP.PCAP.CD,GDP_per_capita_USD,463.662781300121
KEN,Kenya,Afrique,2005,NY.GDP.PCAP.CD,GDP_per_capita_USD,523.456312433863
KEN,Kenya,Afrique,2006,NY.GDP.PCAP.CD,GDP_per_capita_USD,699.80237063381
KEN,Kenya,Afrique,2007,NY.GDP.PCAP.CD,GDP_per_capita_USD,840.201439476765
KEN,Kenya,Afrique,2008,NY.GDP.PCAP.CD,GDP_per_capita_USD,915.54435473604
KEN,Kenya,Afrique,2009,NY.GDP.PCAP.CD,GDP_per_capita_USD,1047.9678324485
KEN,Kenya,Afrique,2010,NY.GDP.PCAP.CD,GDP_per_capita_USD,1091.51873101194
KEN,Kenya,Afrique,2011,NY.GDP.PCAP.CD,GDP_per_capita_USD,1096.14499807675
KEN,Kenya,Afrique,2012,NY.GDP.PCAP.CD,GDP_per_capita_USD,1285.00536171512
KEN,Kenya,Afrique,2013,NY.GDP.PCAP.CD,GDP_per_capita_USD,1370.87885214659
KEN,Kenya,Afrique,2014,NY.GDP.PCAP.CD,GDP_per_capita_USD,1482.81566253497
KEN,Kenya,Afrique,2015,NY.GDP.PCAP.CD,GDP_per_capita_USD,1489.11959777284
KEN,Kenya,Afrique,2016,NY.GDP.PCAP.CD,GDP_per_capita_USD,1554.12610314423
KEN,Kenya,Afrique,2017,NY.GDP.PCAP.CD,GDP_per_capita_USD,1667.48447230835
KEN,Kenya,Afrique,2018,NY.GDP.PCAP.CD,GDP_per_capita_USD,1836.45275528993
KEN,Kenya,Afrique,2019,NY.GDP.PCAP.CD,GDP_per_capita_USD,1960.40808854893
KEN,Kenya,Afrique,2020,NY.GDP.PCAP.CD,GDP_per_capita_USD,1927.66459027849
KEN,Kenya,Afrique,2021,NY.GDP.PCAP.CD,GDP_per_capita_USD,2061.35622089594
KEN,Kenya,Afrique,2022,NY.GDP.PCAP.CD,GDP_per_capita_USD,2109.56288513137
KEN,Kenya,Afrique,2023,NY.GDP.PCAP.CD,GDP_per_capita_USD,1942.58802756191
KEN,Kenya,Afrique,2024,NY.GDP.PCAP.CD,GDP_per_capita_USD,2132.43452097647
KEN,Kenya,Afrique,2000,SL.UEM.TOTL.ZS,Unemployment_pct,2.889
KEN,Kenya,Afrique,2001,SL.UEM.TOTL.ZS,Unemployment_pct,2.881
KEN,Kenya,Afrique,2002,SL.UEM.TOTL.ZS,Unemployment_pct,2.919
KEN,Kenya,Afrique,2003,SL.UEM.TOTL.ZS,Unemployment_pct,2.873
KEN,Kenya,Afrique,2004,SL.UEM.TOTL.ZS,Unemployment_pct,2.848
KEN,Kenya,Afrique,2005,SL.UEM.TOTL.ZS,Unemployment_pct,2.745
KEN,Kenya,Afrique,2006,SL.UEM.TOTL.ZS,Unemployment_pct,2.68
KEN,Kenya,Afrique,2007,SL.UEM.TOTL.ZS,Unemployment_pct,2.65
KEN,Kenya,Afrique,2008,SL.UEM.TOTL.ZS,Unemployment_pct,2.756
KEN,Kenya,Afrique,2009,SL.UEM.TOTL.ZS,Unemployment_pct,2.818
KEN,Kenya,Afrique,2010,SL.UEM.TOTL.ZS,Unemployment_pct,2.796
KEN,Kenya,Afrique,2011,SL.UEM.TOTL.ZS,Unemployment_pct,2.704
KEN,Kenya,Afrique,2012,SL.UEM.TOTL.ZS,Unemployment_pct,2.682
KEN,Kenya,Afrique,2013,SL.UEM.TOTL.ZS,Unemployment_pct,2.764
KEN,Kenya,Afrique,2014,SL.UEM.TOTL.ZS,Unemployment_pct,2.768
KEN,Kenya,Afrique,2015,SL.UEM.TOTL.ZS,Unemployment_pct,2.762
KEN,Kenya,Afrique,2016,SL.UEM.TOTL.ZS,Unemployment_pct,2.757
KEN,Kenya,Afrique,2017,SL.UEM.TOTL.ZS,Unemployment_pct,3.541
KEN,Kenya,Afrique,2018,SL.UEM.TOTL.ZS,Unemployment_pct,4.284
KEN,Kenya,Afrique,2019,SL.UEM.TOTL.ZS,Unemployment_pct,5.014
KEN,Kenya,Afrique,2020,SL.UEM.TOTL.ZS,Unemployment_pct,5.619
KEN,Kenya,Afrique,2021,SL.UEM.TOTL.ZS,Unemployment_pct,5.693
KEN,Kenya,Afrique,2022,SL.UEM.TOTL.ZS,Unemployment_pct,5.707
KEN,Kenya,Afrique,2023,SL.UEM.TOTL.ZS,Unemployment_pct,5.567
KEN,Kenya,Afrique,2024,SL.UEM.TOTL.ZS,Unemployment_pct,5.434
SEN,Senegal,Afrique,2000,FP.CPI.TOTL.ZG,Inflation_pct,0.731981981981597
SEN,Senegal,Afrique,2001,FP.CPI.TOTL.ZG,Inflation_pct,2.97450083919566
SEN,Senegal,Afrique,2002,FP.CPI.TOTL.ZG,Inflation_pct,2.33730187454299
SEN,Senegal,Afrique,2003,FP.CPI.TOTL.ZG,Inflation_pct,-0.0519970242714495
SEN,Senegal,Afrique,2004,FP.CPI.TOTL.ZG,Inflation_pct,0.514781781023016
SEN,Senegal,Afrique,2005,FP.CPI.TOTL.ZG,Inflation_pct,1.71133325855502
SEN,Senegal,Afrique,2006,FP.CPI.TOTL.ZG,Inflation_pct,2.11228583877117
SEN,Senegal,Afrique,2007,FP.CPI.TOTL.ZG,Inflation_pct,5.85330428467681
SEN,Senegal,Afrique,2008,FP.CPI.TOTL.ZG,Inflation_pct,7.34720236578406
SEN,Senegal,Afrique,2009,FP.CPI.TOTL.ZG,Inflation_pct,-2.2480214785534
SEN,Senegal,Afrique,2010,FP.CPI.TOTL.ZG,Inflation_pct,1.22868119673344
SEN,Senegal,Afrique,2011,FP.CPI.TOTL.ZG,Inflation_pct,3.40322829786971
SEN,Senegal,Afrique,2012,FP.CPI.TOTL.ZG,Inflation_pct,1.41822871177854
SEN,Senegal,Afrique,2013,FP.CPI.TOTL.ZG,Inflation_pct,0.710245486695176
SEN,Senegal,Afrique,2014,FP.CPI.TOTL.ZG,Inflation_pct,-1.09025507446895
SEN,Senegal,Afrique,2015,FP.CPI.TOTL.ZG,Inflation_pct,0.135211933635165
SEN,Senegal,Afrique,2016,FP.CPI.TOTL.ZG,Inflation_pct,0.837284942557434
SEN,Senegal,Afrique,2017,FP.CPI.TOTL.ZG,Inflation_pct,1.31815314847789
SEN,Senegal,Afrique,2018,FP.CPI.TOTL.ZG,Inflation_pct,0.460985642464188
SEN,Senegal,Afrique,2019,FP.CPI.TOTL.ZG,Inflation_pct,1.76011151192939
SEN,Senegal,Afrique,2020,FP.CPI.TOTL.ZG,Inflation_pct,2.54314685681662
SEN,Senegal,Afrique,2021,FP.CPI.TOTL.ZG,Inflation_pct,2.18032278088147
SEN,Senegal,Afrique,2022,FP.CPI.TOTL.ZG,Inflation_pct,9.69681899081073
SEN,Senegal,Afrique,2023,FP.CPI.TOTL.ZG,Inflation_pct,5.93947798773215
SEN,Senegal,Afrique,2024,FP.CPI.TOTL.ZG,Inflation_pct,0.804503298792438
SEN,Senegal,Afrique,2000,GC.DOD.TOTL.GD.ZS,Public_debt_pct_GDP,
SEN,Senegal,Afrique,2001,GC.DOD.TOTL.GD.ZS,Public_debt_pct_GDP,
SEN,Senegal,Afrique,2002,GC.DOD.TOTL.GD.ZS,Public_debt_pct_GDP,
SEN,Senegal,Afrique,2003,GC.DOD.TOTL.GD.ZS,Public_debt_pct_GDP,
SEN,Senegal,Afrique,2004,GC.DOD.TOTL.GD.ZS,Public_debt_pct_GDP,
SEN,Senegal,Afrique,2005,GC.DOD.TOTL.GD.ZS,Public_debt_pct_GDP,
SEN,Senegal,Afrique,2006,GC.DOD.TOTL.GD.ZS,Public_debt_pct_GDP,
SEN,Senegal,Afrique,2007,GC.DOD.TOTL.GD.ZS,Public_debt_pct_GDP,
SEN,Senegal,Afrique,2008,GC.DOD.TOTL.GD.ZS,Public_debt_pct_GDP,
SEN,Senegal,Afrique,2009,GC.DOD.TOTL.GD.ZS,Public_debt_pct_GDP,
SEN,Senegal,Afrique,2010,GC.DOD.TOTL.GD.ZS,Public_debt_pct_GDP,
SEN,Senegal,Afrique,2011,GC.DOD.TOTL.GD.ZS,Public_debt_pct_GDP,
SEN,Senegal,Afrique,2012,GC.DOD.TOTL.GD.ZS,Public_debt_pct_GDP,
SEN,Senegal,Afrique,2013,GC.DOD.TOTL.GD.ZS,Public_debt_pct_GDP,
SEN,Senegal,Afrique,2014,GC.DOD.TOTL.GD.ZS,Public_debt_pct_GDP,
SEN,Senegal,Afrique,2015,GC.DOD.TOTL.GD.ZS,Public_debt_pct_GDP,
SEN,Senegal,Afrique,2016,GC.DOD.TOTL.GD.ZS,Public_debt_pct_GDP,
SEN,Senegal,Afrique,2017,GC.DOD.TOTL.GD.ZS,Public_debt_pct_GDP,
SEN,Senegal,Afrique,2018,GC.DOD.TOTL.GD.ZS,Public_debt_pct_GDP,
SEN,Senegal,Afrique,2019,GC.DOD.TOTL.GD.ZS,Public_debt_pct_GDP,
SEN,Senegal,Afrique,2020,GC.DOD.TOTL.GD.ZS,Public_debt_pct_GDP,
SEN,Senegal,Afrique,2021,GC.DOD.TOTL.GD.ZS,Public_debt_pct_GDP,
SEN,Senegal,Afrique,2022,GC.DOD.TOTL.GD.ZS,Public_debt_pct_GDP,
SEN,Senegal,Afrique,2023,GC.DOD.TOTL.GD.ZS,Public_debt_pct_GDP,
SEN,Senegal,Afrique,2024,GC.DOD.TOTL.GD.ZS,Public_debt_pct_GDP,
SEN,Senegal,Afrique,2000,NY.GDP.MKTP.CD,GDP_USD,6013185003.97525
SEN,Senegal,Afrique,2001,NY.GDP.MKTP.CD,GDP_USD,6507824829.26254
SEN,Senegal,Afrique,2002,NY.GDP.MKTP.CD,GDP_USD,7006402319.75856
SEN,Senegal,Afrique,2003,NY.GDP.MKTP.CD,GDP_USD,8768721563.18211
SEN,Senegal,Afrique,2004,NY.GDP.MKTP.CD,GDP_USD,10076816666.6196
SEN,Senegal,Afrique,2005,NY.GDP.MKTP.CD,GDP_USD,11009033437.939
SEN,Senegal,Afrique,2006,NY.GDP.MKTP.CD,GDP_USD,11697918243.0035
SEN,Senegal,Afrique,2007,NY.GDP.MKTP.CD,GDP_USD,13994218412.9619
SEN,Senegal,Afrique,2008,NY.GDP.MKTP.CD,GDP_USD,16853989627.548
SEN,Senegal,Afrique,2009,NY.GDP.MKTP.CD,GDP_USD,16145867494.9405
SEN,Senegal,Afrique,2010,NY.GDP.MKTP.CD,GDP_USD,16121315909.0758
SEN,Senegal,Afrique,2011,NY.GDP.MKTP.CD,GDP_USD,17814283639.3119
SEN,Senegal,Afrique,2012,NY.GDP.MKTP.CD,GDP_USD,17660870411.5235
SEN,Senegal,Afrique,2013,NY.GDP.MKTP.CD,GDP_USD,18918667724.8817
SEN,Senegal,Afrique,2014,NY.GDP.MKTP.CD,GDP_USD,19797253440.2679
SEN,Senegal,Afrique,2015,NY.GDP.MKTP.CD,GDP_USD,17774766696.1759
SEN,Senegal,Afrique,2016,NY.GDP.MKTP.CD,GDP_USD,19040312333.1864
SEN,Senegal,Afrique,2017,NY.GDP.MKTP.CD,GDP_USD,20996562943.5979
SEN,Senegal,Afrique,2018,NY.GDP.MKTP.CD,GDP_USD,23116701556.1381
SEN,Senegal,Afrique,2019,NY.GDP.MKTP.CD,GDP_USD,23403995992.1354
SEN,Senegal,Afrique,2020,NY.GDP.MKTP.CD,GDP_USD,24530513037.7518
SEN,Senegal,Afrique,2021,NY.GDP.MKTP.CD,GDP_USD,27520784129.7508
SEN,Senegal,Afrique,2022,NY.GDP.MKTP.CD,GDP_USD,27783332222.6759
SEN,Senegal,Afrique,2023,NY.GDP.MKTP.CD,GDP_USD,30696331295.7826
SEN,Senegal,Afrique,2024,NY.GDP.MKTP.CD,GDP_USD,32808056600.9436
SEN,Senegal,Afrique,2000,NY.GDP.MKTP.KD.ZG,GDP_Growth_pct,3.88721095816793
SEN,Senegal,Afrique,2001,NY.GDP.MKTP.KD.ZG,GDP_Growth_pct,4.31085146618369
SEN,Senegal,Afrique,2002,NY.GDP.MKTP.KD.ZG,GDP_Growth_pct,0.0686965747419066
SEN,Senegal,Afrique,2003,NY.GDP.MKTP.KD.ZG,GDP_Growth_pct,5.59395094456143
SEN,Senegal,Afrique,2004,NY.GDP.MKTP.KD.ZG,GDP_Growth_pct,4.64329393683312
SEN,Senegal,Afrique,2005,NY.GDP.MKTP.KD.ZG,GDP_Growth_pct,4.31023852639633
SEN,Senegal,Afrique,2006,NY.GDP.MKTP.KD.ZG,GDP_Growth_pct,2.33077098330239
SEN,Senegal,Afrique,2007,NY.GDP.MKTP.KD.ZG,GDP_Growth_pct,2.82711920133374
SEN,Senegal,Afrique,2008,NY.GDP.MKTP.KD.ZG,GDP_Growth_pct,3.70316906391386
SEN,Senegal,Afrique,2009,NY.GDP.MKTP.KD.ZG,GDP_Growth_pct,2.75210448455053
SEN,Senegal,Afrique,2010,NY.GDP.MKTP.KD.ZG,GDP_Growth_pct,3.39088925336209
SEN,Senegal,Afrique,2011,NY.GDP.MKTP.KD.ZG,GDP_Growth_pct,1.33409107961258
SEN,Senegal,Afrique,2012,NY.GDP.MKTP.KD.ZG,GDP_Growth_pct,4.00299555090457
SEN,Senegal,Afrique,2013,NY.GDP.MKTP.KD.ZG,GDP_Growth_pct,2.41238527605579
SEN,Senegal,Afrique,2014,NY.GDP.MKTP.KD.ZG,GDP_Growth_pct,6.22407443790986
SEN,Senegal,Afrique,2015,NY.GDP.MKTP.KD.ZG,GDP_Growth_pct,6.36704365066983
SEN,Senegal,Afrique,2016,NY.GDP.MKTP.KD.ZG,GDP_Growth_pct,6.35606857181878
SEN,Senegal,Afrique,2017,NY.GDP.MKTP.KD.ZG,GDP_Growth_pct,7.4074861863013
SEN,Senegal,Afrique,2018,NY.GDP.MKTP.KD.ZG,GDP_Growth_pct,6.20924103389086
SEN,Senegal,Afrique,2019,NY.GDP.MKTP.KD.ZG,GDP_Growth_pct,4.61362809749708
SEN,Senegal,Afrique,2020,NY.GDP.MKTP.KD.ZG,GDP_Growth_pct,1.3420737726679
SEN,Senegal,Afrique,2021,NY.GDP.MKTP.KD.ZG,GDP_Growth_pct,6.54400109964304
SEN,Senegal,Afrique,2022,NY.GDP.MKTP.KD.ZG,GDP_Growth_pct,3.85043193735768
SEN,Senegal,Afrique,2023,NY.GDP.MKTP.KD.ZG,GDP_Growth_pct,4.2574308328029
SEN,Senegal,Afrique,2024,NY.GDP.MKTP.KD.ZG,GDP_Growth_pct,6.06055141198976
SEN,Senegal,Afrique,2000,NY.GDP.PCAP.CD,GDP_per_capita_USD,603.233162455158
SEN,Senegal,Afrique,2001,NY.GDP.PCAP.CD,GDP_per_capita_USD,637.213530563724
SEN,Senegal,Afrique,2002,NY.GDP.PCAP.CD,GDP_per_capita_USD,669.430447319209
SEN,Senegal,Afrique,2003,NY.GDP.PCAP.CD,GDP_per_capita_USD,817.888034221442
SEN,Senegal,Afrique,2004,NY.GDP.PCAP.CD,GDP_per_capita_USD,918.102079522155
SEN,Senegal,Afrique,2005,NY.GDP.PCAP.CD,GDP_per_capita_USD,979.846101520171
SEN,Senegal,Afrique,2006,NY.GDP.PCAP.CD,GDP_per_capita_USD,1017.20196747987
SEN,Senegal,Afrique,2007,NY.GDP.PCAP.CD,GDP_per_capita_USD,1188.93877808175
SEN,Senegal,Afrique,2008,NY.GDP.PCAP.CD,GDP_per_capita_USD,1398.79218010021
SEN,Senegal,Afrique,2009,NY.GDP.PCAP.CD,GDP_per_capita_USD,1308.69404336205
SEN,Senegal,Afrique,2010,NY.GDP.PCAP.CD,GDP_per_capita_USD,1275.88357492357
SEN,Senegal,Afrique,2011,NY.GDP.PCAP.CD,GDP_per_capita_USD,1374.67591873844
SEN,Senegal,Afrique,2012,NY.GDP.PCAP.CD,GDP_per_capita_USD,1326.83798848379
SEN,Senegal,Afrique,2013,NY.GDP.PCAP.CD,GDP_per_capita_USD,1379.83196553924
SEN,Senegal,Afrique,2014,NY.GDP.PCAP.CD,GDP_per_capita_USD,1398.89137601382
SEN,Senegal,Afrique,2015,NY.GDP.PCAP.CD,GDP_per_capita_USD,1218.00613555438
SEN,Senegal,Afrique,2016,NY.GDP.PCAP.CD,GDP_per_capita_USD,1266.43957151587
SEN,Senegal,Afrique,2017,NY.GDP.PCAP.CD,GDP_per_capita_USD,1356.80518449031
SEN,Senegal,Afrique,2018,NY.GDP.PCAP.CD,GDP_per_capita_USD,1452.55612562445
SEN,Senegal,Afrique,2019,NY.GDP.PCAP.CD,GDP_per_capita_USD,1431.18128932159
SEN,Senegal,Afrique,2020,NY.GDP.PCAP.CD,GDP_per_capita_USD,1461.08720350553
SEN,Senegal,Afrique,2021,NY.GDP.PCAP.CD,GDP_per_capita_USD,1598.10676952274
SEN,Senegal,Afrique,2022,NY.GDP.PCAP.CD,GDP_per_capita_USD,1574.0281059306
SEN,Senegal,Afrique,2023,NY.GDP.PCAP.CD,GDP_per_capita_USD,1698.03387300843
SEN,Senegal,Afrique,2024,NY.GDP.PCAP.CD,GDP_per_capita_USD,1773.21829923448
SEN,Senegal,Afrique,2000,SL.UEM.TOTL.ZS,Unemployment_pct,2.668
SEN,Senegal,Afrique,2001,SL.UEM.TOTL.ZS,Unemployment_pct,2.7
SEN,Senegal,Afrique,2002,SL.UEM.TOTL.ZS,Unemployment_pct,2.828
SEN,Senegal,Afrique,2003,SL.UEM.TOTL.ZS,Unemployment_pct,2.794
SEN,Senegal,Afrique,2004,SL.UEM.TOTL.ZS,Unemployment_pct,2.788
SEN,Senegal,Afrique,2005,SL.UEM.TOTL.ZS,Unemployment_pct,2.703
SEN,Senegal,Afrique,2006,SL.UEM.TOTL.ZS,Unemployment_pct,2.77
SEN,Senegal,Afrique,2007,SL.UEM.TOTL.ZS,Unemployment_pct,2.808
SEN,Senegal,Afrique,2008,SL.UEM.TOTL.ZS,Unemployment_pct,2.822
SEN,Senegal,Afrique,2009,SL.UEM.TOTL.ZS,Unemployment_pct,2.814
SEN,Senegal,Afrique,2010,SL.UEM.TOTL.ZS,Unemployment_pct,2.803
SEN,Senegal,Afrique,2011,SL.UEM.TOTL.ZS,Unemployment_pct,2.853
SEN,Senegal,Afrique,2012,SL.UEM.TOTL.ZS,Unemployment_pct,3.888
SEN,Senegal,Afrique,2013,SL.UEM.TOTL.ZS,Unemployment_pct,4.986
SEN,Senegal,Afrique,2014,SL.UEM.TOTL.ZS,Unemployment_pct,5.841
SEN,Senegal,Afrique,2015,SL.UEM.TOTL.ZS,Unemployment_pct,6.757
SEN,Senegal,Afrique,2016,SL.UEM.TOTL.ZS,Unemployment_pct,4.455
SEN,Senegal,Afrique,2017,SL.UEM.TOTL.ZS,Unemployment_pct,4.078
SEN,Senegal,Afrique,2018,SL.UEM.TOTL.ZS,Unemployment_pct,3.455
SEN,Senegal,Afrique,2019,SL.UEM.TOTL.ZS,Unemployment_pct,2.863
SEN,Senegal,Afrique,2020,SL.UEM.TOTL.ZS,Unemployment_pct,3.437
SEN,Senegal,Afrique,2021,SL.UEM.TOTL.ZS,Unemployment_pct,3.44
SEN,Senegal,Afrique,2022,SL.UEM.TOTL.ZS,Unemployment_pct,2.837
SEN,Senegal,Afrique,2023,SL.UEM.TOTL.ZS,Unemployment_pct,2.8
SEN,Senegal,Afrique,2024,SL.UEM.TOTL.ZS,Unemployment_pct,2.992
ZAF,South Africa,Afrique,2000,FP.CPI.TOTL.ZG,Inflation_pct,5.33895913599828
ZAF,South Africa,Afrique,2001,FP.CPI.TOTL.ZG,Inflation_pct,5.70189483049608
ZAF,South Africa,Afrique,2002,FP.CPI.TOTL.ZG,Inflation_pct,9.494713780996
ZAF,South Africa,Afrique,2003,FP.CPI.TOTL.ZG,Inflation_pct,5.67942414068799
ZAF,South Africa,Afrique,2004,FP.CPI.TOTL.ZG,Inflation_pct,-0.692039437857687
ZAF,South Africa,Afrique,2005,FP.CPI.TOTL.ZG,Inflation_pct,2.06285308223427
ZAF,South Africa,Afrique,2006,FP.CPI.TOTL.ZG,Inflation_pct,3.2439076541923
ZAF,South Africa,Afrique,2007,FP.CPI.TOTL.ZG,Inflation_pct,6.17781214809388
ZAF,South Africa,Afrique,2008,FP.CPI.TOTL.ZG,Inflation_pct,9.90998456005467
ZAF,South Africa,Afrique,2009,FP.CPI.TOTL.ZG,Inflation_pct,7.23809523809527
ZAF,South Africa,Afrique,2010,FP.CPI.TOTL.ZG,Inflation_pct,4.06749555950263
ZAF,South Africa,Afrique,2011,FP.CPI.TOTL.ZG,Inflation_pct,5.0008533879502
ZAF,South Africa,Afrique,2012,FP.CPI.TOTL.ZG,Inflation_pct,5.73797139141739
ZAF,South Africa,Afrique,2013,FP.CPI.TOTL.ZG,Inflation_pct,5.78016910069176
ZAF,South Africa,Afrique,2014,FP.CPI.TOTL.ZG,Inflation_pct,6.13282953059149
ZAF,South Africa,Afrique,2015,FP.CPI.TOTL.ZG,Inflation_pct,4.51869094892506
ZAF,South Africa,Afrique,2016,FP.CPI.TOTL.ZG,Inflation_pct,6.60290842394872
ZAF,South Africa,Afrique,2017,FP.CPI.TOTL.ZG,Inflation_pct,5.18618655524149
ZAF,South Africa,Afrique,2018,FP.CPI.TOTL.ZG,Inflation_pct,4.50987264867388
ZAF,South Africa,Afrique,2019,FP.CPI.TOTL.ZG,Inflation_pct,4.10285075461156
ZAF,South Africa,Afrique,2020,FP.CPI.TOTL.ZG,Inflation_pct,3.23238831615113
ZAF,South Africa,Afrique,2021,FP.CPI.TOTL.ZG,Inflation_pct,4.61874544887136
ZAF,South Africa,Afrique,2022,FP.CPI.TOTL.ZG,Inflation_pct,7.03987272546482
ZAF,South Africa,Afrique,2023,FP.CPI.TOTL.ZG,Inflation_pct,6.0752438457966
ZAF,South Africa,Afrique,2024,FP.CPI.TOTL.ZG,Inflation_pct,4.36115246518962
ZAF,South Africa,Afrique,2000,GC.DOD.TOTL.GD.ZS,Public_debt_pct_GDP,39.6390583837328
ZAF,South Africa,Afrique,2001,GC.DOD.TOTL.GD.ZS,Public_debt_pct_GDP,
ZAF,South Africa,Afrique,2002,GC.DOD.TOTL.GD.ZS,Public_debt_pct_GDP,
ZAF,South Africa,Afrique,2003,GC.DOD.TOTL.GD.ZS,Public_debt_pct_GDP,
ZAF,South Africa,Afrique,2004,GC.DOD.TOTL.GD.ZS,Public_debt_pct_GDP,
ZAF,South Africa,Afrique,2005,GC.DOD.TOTL.GD.ZS,Public_debt_pct_GDP,
ZAF,South Africa,Afrique,2006,GC.DOD.TOTL.GD.ZS,Public_debt_pct_GDP,
ZAF,South Africa,Afrique,2007,GC.DOD.TOTL.GD.ZS,Public_debt_pct_GDP,
ZAF,South Africa,Afrique,2008,GC.DOD.TOTL.GD.ZS,Public_debt_pct_GDP,
ZAF,South Africa,Afrique,2009,GC.DOD.TOTL.GD.ZS,Public_debt_pct_GDP,
ZAF,South Africa,Afrique,2010,GC.DOD.TOTL.GD.ZS,Public_debt_pct_GDP,
ZAF,South Africa,Afrique,2011,GC.DOD.TOTL.GD.ZS,Public_debt_pct_GDP,
ZAF,South Africa,Afrique,2012,GC.DOD.TOTL.GD.ZS,Public_debt_pct_GDP,
ZAF,South Africa,Afrique,2013,GC.DOD.TOTL.GD.ZS,Public_debt_pct_GDP,
ZAF,South Africa,Afrique,2014,GC.DOD.TOTL.GD.ZS,Public_debt_pct_GDP,
ZAF,South Africa,Afrique,2015,GC.DOD.TOTL.GD.ZS,Public_debt_pct_GDP,52.651157246849
ZAF,South Africa,Afrique,2016,GC.DOD.TOTL.GD.ZS,Public_debt_pct_GDP,53.7387913927398
ZAF,South Africa,Afrique,2017,GC.DOD.TOTL.GD.ZS,Public_debt_pct_GDP,56.2597208339946
ZAF,South Africa,Afrique,2018,GC.DOD.TOTL.GD.ZS,Public_debt_pct_GDP,59.1023114125426
ZAF,South Africa,Afrique,2019,GC.DOD.TOTL.GD.ZS,Public_debt_pct_GDP,64.589278136337
ZAF,South Africa,Afrique,2020,GC.DOD.TOTL.GD.ZS,Public_debt_pct_GDP,75.7255090818801
ZAF,South Africa,Afrique,2021,GC.DOD.TOTL.GD.ZS,Public_debt_pct_GDP,74.0826080100226
ZAF,South Africa,Afrique,2022,GC.DOD.TOTL.GD.ZS,Public_debt_pct_GDP,76.2054429487374
ZAF,South Africa,Afrique,2023,GC.DOD.TOTL.GD.ZS,Public_debt_pct_GDP,79.446907709916
ZAF,South Africa,Afrique,2024,GC.DOD.TOTL.GD.ZS,Public_debt_pct_GDP,
ZAF,South Africa,Afrique,2000,NY.GDP.MKTP.CD,GDP_USD,151752757215.309
ZAF,South Africa,Afrique,2001,NY.GDP.MKTP.CD,GDP_USD,135429905922.526
ZAF,South Africa,Afrique,2002,NY.GDP.MKTP.CD,GDP_USD,129087556612.449
ZAF,South Africa,Afrique,2003,NY.GDP.MKTP.CD,GDP_USD,197018965308.697
ZAF,South Africa,Afrique,2004,NY.GDP.MKTP.CD,GDP_USD,255806908594.573
ZAF,South Africa,Afrique,2005,NY.GDP.MKTP.CD,GDP_USD,288867217196.534
ZAF,South Africa,Afrique,2006,NY.GDP.MKTP.CD,GDP_USD,303858675363.643
ZAF,South Africa,Afrique,2007,NY.GDP.MKTP.CD,GDP_USD,333077117253.684
ZAF,South Africa,Afrique,2008,NY.GDP.MKTP.CD,GDP_USD,316131258616.309
ZAF,South Africa,Afrique,2009,NY.GDP.MKTP.CD,GDP_USD,329754060647.129
ZAF,South Africa,Afrique,2010,NY.GDP.MKTP.CD,GDP_USD,417363822801.713
ZAF,South Africa,Afrique,2011,NY.GDP.MKTP.CD,GDP_USD,458199494830.834
ZAF,South Africa,Afrique,2012,NY.GDP.MKTP.CD,GDP_USD,434400545085.811
ZAF,South Africa,Afrique,2013,NY.GDP.MKTP.CD,GDP_USD,400886013595.573
ZAF,South Africa,Afrique,2014,NY.GDP.MKTP.CD,GDP_USD,381198869776.106
ZAF,South Africa,Afrique,2015,NY.GDP.MKTP.CD,GDP_USD,346709790458.563
ZAF,South Africa,Afrique,2016,NY.GDP.MKTP.CD,GDP_USD,323585509674.481
ZAF,South Africa,Afrique,2017,NY.GDP.MKTP.CD,GDP_USD,381448814653.456
ZAF,South Africa,Afrique,2018,NY.GDP.MKTP.CD,GDP_USD,405260723892.517
ZAF,South Africa,Afrique,2019,NY.GDP.MKTP.CD,GDP_USD,389330032224.269
ZAF,South Africa,Afrique,2020,NY.GDP.MKTP.CD,GDP_USD,337974655408.055
ZAF,South Africa,Afrique,2021,NY.GDP.MKTP.CD,GDP_USD,419986284375.368
ZAF,South Africa,Afrique,2022,NY.GDP.MKTP.CD,GDP_USD,407596043067.885
ZAF,South Africa,Afrique,2023,NY.GDP.MKTP.CD,GDP_USD,381440724491.232
ZAF,South Africa,Afrique,2024,NY.GDP.MKTP.CD,GDP_USD,401144998373.585
ZAF,South Africa,Afrique,2000,NY.GDP.MKTP.KD.ZG,GDP_Growth_pct,4.20000000067826
ZAF,South Africa,Afrique,2001,NY.GDP.MKTP.KD.ZG,GDP_Growth_pct,2.70000000019104
ZAF,South Africa,Afrique,2002,NY.GDP.MKTP.KD.ZG,GDP_Growth_pct,3.70037440406668
ZAF,South Africa,Afrique,2003,NY.GDP.MKTP.KD.ZG,GDP_Growth_pct,2.94907546754213
ZAF,South Africa,Afrique,2004,NY.GDP.MKTP.KD.ZG,GDP_Growth_pct,4.55455990721774
ZAF,South Africa,Afrique,2005,NY.GDP.MKTP.KD.ZG,GDP_Growth_pct,5.27705197295467
ZAF,South Africa,Afrique,2006,NY.GDP.MKTP.KD.ZG,GDP_Growth_pct,5.60380645895889
ZAF,South Africa,Afrique,2007,NY.GDP.MKTP.KD.ZG,GDP_Growth_pct,5.36047405394162
ZAF,South Africa,Afrique,2008,NY.GDP.MKTP.KD.ZG,GDP_Growth_pct,3.1910438863288
ZAF,South Africa,Afrique,2009,NY.GDP.MKTP.KD.ZG,GDP_Growth_pct,-1.53808913525583
ZAF,South Africa,Afrique,2010,NY.GDP.MKTP.KD.ZG,GDP_Growth_pct,3.03973288127956
ZAF,South Africa,Afrique,2011,NY.GDP.MKTP.KD.ZG,GDP_Growth_pct,3.16855627858818
ZAF,South Africa,Afrique,2012,NY.GDP.MKTP.KD.ZG,GDP_Growth_pct,2.39623238465745
ZAF,South Africa,Afrique,2013,NY.GDP.MKTP.KD.ZG,GDP_Growth_pct,2.48546800826588
ZAF,South Africa,Afrique,2014,NY.GDP.MKTP.KD.ZG,GDP_Growth_pct,1.41382645223793
ZAF,South Africa,Afrique,2015,NY.GDP.MKTP.KD.ZG,GDP_Growth_pct,1.32186223678229
ZAF,South Africa,Afrique,2016,NY.GDP.MKTP.KD.ZG,GDP_Growth_pct,0.664552307858116
ZAF,South Africa,Afrique,2017,NY.GDP.MKTP.KD.ZG,GDP_Growth_pct,1.15794695181735
ZAF,South Africa,Afrique,2018,NY.GDP.MKTP.KD.ZG,GDP_Growth_pct,1.55678384721676
ZAF,South Africa,Afrique,2019,NY.GDP.MKTP.KD.ZG,GDP_Growth_pct,0.25993557687633
ZAF,South Africa,Afrique,2020,NY.GDP.MKTP.KD.ZG,GDP_Growth_pct,-6.1689177146757
ZAF,South Africa,Afrique,2021,NY.GDP.MKTP.KD.ZG,GDP_Growth_pct,4.85864865060148
ZAF,South Africa,Afrique,2022,NY.GDP.MKTP.KD.ZG,GDP_Growth_pct,2.05813661692193
ZAF,South Africa,Afrique,2023,NY.GDP.MKTP.KD.ZG,GDP_Growth_pct,0.80610455095804
ZAF,South Africa,Afrique,2024,NY.GDP.MKTP.KD.ZG,GDP_Growth_pct,0.534843531905139
ZAF,South Africa,Afrique,2000,NY.GDP.PCAP.CD,GDP_per_capita_USD,3217.84693448467
ZAF,South Africa,Afrique,2001,NY.GDP.PCAP.CD,GDP_per_capita_USD,2847.15191945908
ZAF,South Africa,Afrique,2002,NY.GDP.PCAP.CD,GDP_per_capita_USD,2688.23676032806
ZAF,South Africa,Afrique,2003,NY.GDP.PCAP.CD,GDP_per_capita_USD,4062.21755993786
ZAF,South Africa,Afrique,2004,NY.GDP.PCAP.CD,GDP_per_capita_USD,5221.46333731721
ZAF,South Africa,Afrique,2005,NY.GDP.PCAP.CD,GDP_per_capita_USD,5836.87663325127
ZAF,South Africa,Afrique,2006,NY.GDP.PCAP.CD,GDP_per_capita_USD,6077.38293388876
ZAF,South Africa,Afrique,2007,NY.GDP.PCAP.CD,GDP_per_capita_USD,6591.85535960564
ZAF,South Africa,Afrique,2008,NY.GDP.PCAP.CD,GDP_per_capita_USD,6184.75474328399
ZAF,South Africa,Afrique,2009,NY.GDP.PCAP.CD,GDP_per_capita_USD,6374.70560042992
ZAF,South Africa,Afrique,2010,NY.GDP.PCAP.CD,GDP_per_capita_USD,7973.47195771517
ZAF,South Africa,Afrique,2011,NY.GDP.PCAP.CD,GDP_per_capita_USD,8646.05571071635
ZAF,South Africa,Afrique,2012,NY.GDP.PCAP.CD,GDP_per_capita_USD,8076.97678479741
ZAF,South Africa,Afrique,2013,NY.GDP.PCAP.CD,GDP_per_capita_USD,7331.65467384919
ZAF,South Africa,Afrique,2014,NY.GDP.PCAP.CD,GDP_per_capita_USD,6856.73137092522
ZAF,South Africa,Afrique,2015,NY.GDP.PCAP.CD,GDP_per_capita_USD,6112.27382485974
ZAF,South Africa,Afrique,2016,NY.GDP.PCAP.CD,GDP_per_capita_USD,5651.20585165749
ZAF,South Africa,Afrique,2017,NY.GDP.PCAP.CD,GDP_per_capita_USD,6618.33508255701
ZAF,South Africa,Afrique,2018,NY.GDP.PCAP.CD,GDP_per_capita_USD,6914.1780318076
ZAF,South Africa,Afrique,2019,NY.GDP.PCAP.CD,GDP_per_capita_USD,6533.71121032856
ZAF,South Africa,Afrique,2020,NY.GDP.PCAP.CD,GDP_per_capita_USD,5580.60383075189
ZAF,South Africa,Afrique,2021,NY.GDP.PCAP.CD,GDP_per_capita_USD,6828.75624590017
ZAF,South Africa,Afrique,2022,NY.GDP.PCAP.CD,GDP_per_capita_USD,6534.24867783397
ZAF,South Africa,Afrique,2023,NY.GDP.PCAP.CD,GDP_per_capita_USD,6034.27208964673
ZAF,South Africa,Afrique,2024,NY.GDP.PCAP.CD,GDP_per_capita_USD,6267.186814093
ZAF,South Africa,Afrique,2000,SL.UEM.TOTL.ZS,Unemployment_pct,22.714
ZAF,South Africa,Afrique,2001,SL.UEM.TOTL.ZS,Unemployment_pct,22.605
ZAF,South Africa,Afrique,2002,SL.UEM.TOTL.ZS,Unemployment_pct,22.547
ZAF,South Africa,Afrique,2003,SL.UEM.TOTL.ZS,Unemployment_pct,22.629
ZAF,South Africa,Afrique,2004,SL.UEM.TOTL.ZS,Unemployment_pct,22.538
ZAF,South Africa,Afrique,2005,SL.UEM.TOTL.ZS,Unemployment_pct,22.461
ZAF,South Africa,Afrique,2006,SL.UEM.TOTL.ZS,Unemployment_pct,22.324
ZAF,South Africa,Afrique,2007,SL.UEM.TOTL.ZS,Unemployment_pct,22.287
ZAF,South Africa,Afrique,2008,SL.UEM.TOTL.ZS,Unemployment_pct,22.407
ZAF,South Africa,Afrique,2009,SL.UEM.TOTL.ZS,Unemployment_pct,23.523
ZAF,South Africa,Afrique,2010,SL.UEM.TOTL.ZS,Unemployment_pct,24.683
ZAF,South Africa,Afrique,2011,SL.UEM.TOTL.ZS,Unemployment_pct,24.639
ZAF,South Africa,Afrique,2012,SL.UEM.TOTL.ZS,Unemployment_pct,24.727
ZAF,South Africa,Afrique,2013,SL.UEM.TOTL.ZS,Unemployment_pct,24.561
ZAF,South Africa,Afrique,2014,SL.UEM.TOTL.ZS,Unemployment_pct,24.89
ZAF,South Africa,Afrique,2015,SL.UEM.TOTL.ZS,Unemployment_pct,25.149
ZAF,South Africa,Afrique,2016,SL.UEM.TOTL.ZS,Unemployment_pct,26.536
ZAF,South Africa,Afrique,2017,SL.UEM.TOTL.ZS,Unemployment_pct,27.035
ZAF,South Africa,Afrique,2018,SL.UEM.TOTL.ZS,Unemployment_pct,26.906
ZAF,South Africa,Afrique,2019,SL.UEM.TOTL.ZS,Unemployment_pct,28.468
ZAF,South Africa,Afrique,2020,SL.UEM.TOTL.ZS,Unemployment_pct,29.217
ZAF,South Africa,Afrique,2021,SL.UEM.TOTL.ZS,Unemployment_pct,34.007
ZAF,South Africa,Afrique,2022,SL.UEM.TOTL.ZS,Unemployment_pct,33.268
ZAF,South Africa,Afrique,2023,SL.UEM.TOTL.ZS,Unemployment_pct,32.098
ZAF,South Africa,Afrique,2024,SL.UEM.TOTL.ZS,Unemployment_pct,33.168
