country,iso3,year,indicator,value,indicator_name,region_group
Cote d'Ivoire,CIV,2000,FP.CPI.TOTL.ZG,2.53077516737997,Inflation_pct,Afrique
Cote d'Ivoire,CIV,2001,FP.CPI.TOTL.ZG,4.36152914007256,Inflation_pct,Afrique
Cote d'Ivoire,CIV,2002,FP.CPI.TOTL.ZG,3.07726485157427,Inflation_pct,Afrique
Cote d'Ivoire,CIV,2003,FP.CPI.TOTL.ZG,3.29680746974208,Inflation_pct,Afrique
Cote d'Ivoire,CIV,2004,FP.CPI.TOTL.ZG,1.45798835600741,Inflation_pct,Afrique
Cote d'Ivoire,CIV,2005,FP.CPI.TOTL.ZG,3.88583039886482,Inflation_pct,Afrique
Cote d'Ivoire,CIV,2006,FP.CPI.TOTL.ZG,2.46719148596915,Inflation_pct,Afrique
Cote d'Ivoire,CIV,2007,FP.CPI.TOTL.ZG,1.89200629349598,Inflation_pct,Afrique
Cote d'Ivoire,CIV,2008,FP.CPI.TOTL.ZG,6.30852769152578,Inflation_pct,Afrique
Cote d'Ivoire,CIV,2009,FP.CPI.TOTL.ZG,1.01950457731138,Inflation_pct,Afrique
Cote d'Ivoire,CIV,2010,FP.CPI.TOTL.ZG,1.2264561213548,Inflation_pct,Afrique
Cote d'Ivoire,CIV,2011,FP.CPI.TOTL.ZG,4.9124339505245,Inflation_pct,Afrique
Cote d'Ivoire,CIV,2012,FP.CPI.TOTL.ZG,1.30451119915606,Inflation_pct,Afrique
Cote d'Ivoire,CIV,2013,FP.CPI.TOTL.ZG,2.58117037252936,Inflation_pct,Afrique
Cote d'Ivoire,CIV,2014,FP.CPI.TOTL.ZG,0.448682076766141,Inflation_pct,Afrique
Cote d'Ivoire,CIV,2015,FP.CPI.TOTL.ZG,1.25149954781468,Inflation_pct,Afrique
Cote d'Ivoire,CIV,2016,FP.CPI.TOTL.ZG,0.723178457513308,Inflation_pct,Afrique
Cote d'Ivoire,CIV,2017,FP.CPI.TOTL.ZG,0.685881065304603,Inflation_pct,Afrique
Cote d'Ivoire,CIV,2018,FP.CPI.TOTL.ZG,0.401297817263547,Inflation_pct,Afrique
Cote d'Ivoire,CIV,2019,FP.CPI.TOTL.ZG,0.790855512053661,Inflation_pct,Afrique
Cote d'Ivoire,CIV,2020,FP.CPI.TOTL.ZG,2.41252617189053,Inflation_pct,Afrique
Cote d'Ivoire,CIV,2021,FP.CPI.TOTL.ZG,4.15919657911798,Inflation_pct,Afrique
Cote d'Ivoire,CIV,2022,FP.CPI.TOTL.ZG,5.23352856100843,Inflation_pct,Afrique
Cote d'Ivoire,CIV,2023,FP.CPI.TOTL.ZG,4.36972254867474,Inflation_pct,Afrique
Cote d'Ivoire,CIV,2024,FP.CPI.TOTL.ZG,3.45053028131019,Inflation_pct,Afrique
Cote d'Ivoire,CIV,2000,GC.DOD.TOTL.GD.ZS,,Public_debt_pct_GDP,Afrique
Cote d'Ivoire,CIV,2001,GC.DOD.TOTL.GD.ZS,,Public_debt_pct_GDP,Afrique
Cote d'Ivoire,CIV,2002,GC.DOD.TOTL.GD.ZS,,Public_debt_pct_GDP,Afrique
Cote d'Ivoire,CIV,2003,GC.DOD.TOTL.GD.ZS,,Public_debt_pct_GDP,Afrique
Cote d'Ivoire,CIV,2004,GC.DOD.TOTL.GD.ZS,,Public_debt_pct_GDP,Afrique
Cote d'Ivoire,CIV,2005,GC.DOD.TOTL.GD.ZS,,Public_debt_pct_GDP,Afrique
Cote d'Ivoire,CIV,2006,GC.DOD.TOTL.GD.ZS,,Public_debt_pct_GDP,Afrique
Cote d'Ivoire,CIV,2007,GC.DOD.TOTL.GD.ZS,,Public_debt_pct_GDP,Afrique
Cote d'Ivoire,CIV,2008,GC.DOD.TOTL.GD.ZS,,Public_debt_pct_GDP,Afrique
Cote d'Ivoire,CIV,2009,GC.DOD.TOTL.GD.ZS,,Public_debt_pct_GDP,Afrique
Cote d'Ivoire,CIV,2010,GC.DOD.TOTL.GD.ZS,,Public_debt_pct_GDP,Afrique
Cote d'Ivoire,CIV,2011,GC.DOD.TOTL.GD.ZS,,Public_debt_pct_GDP,Afrique
Cote d'Ivoire,CIV,2012,GC.DOD.TOTL.GD.ZS,,Public_debt_pct_GDP,Afrique
Cote d'Ivoire,CIV,2013,GC.DOD.TOTL.GD.ZS,,Public_debt_pct_GDP,Afrique
Cote d'Ivoire,CIV,2014,GC.DOD.TOTL.GD.ZS,,Public_debt_pct_GDP,Afrique
Cote d'Ivoire,CIV,2015,GC.DOD.TOTL.GD.ZS,,Public_debt_pct_GDP,Afrique
Cote d'Ivoire,CIV,2016,GC.DOD.TOTL.GD.ZS,,Public_debt_pct_GDP,Afrique
Cote d'Ivoire,CIV,2017,GC.DOD.TOTL.GD.ZS,,Public_debt_pct_GDP,Afrique
Cote d'Ivoire,CIV,2018,GC.DOD.TOTL.GD.ZS,,Public_debt_pct_GDP,Afrique
Cote d'Ivoire,CIV,2019,GC.DOD.TOTL.GD.ZS,,Public_debt_pct_GDP,Afrique
Cote d'Ivoire,CIV,2020,GC.DOD.TOTL.GD.ZS,,Public_debt_pct_GDP,Afrique
Cote d'Ivoire,CIV,2021,GC.DOD.TOTL.GD.ZS,,Public_debt_pct_GDP,Afrique
Cote d'Ivoire,CIV,2022,GC.DOD.TOTL.GD.ZS,,Public_debt_pct_GDP,Afrique
Cote d'Ivoire,CIV,2023,GC.DOD.TOTL.GD.ZS,,Public_debt_pct_GDP,Afrique
Cote d'Ivoire,CIV,2024,GC.DOD.TOTL.GD.ZS,,Public_debt_pct_GDP,Afrique
Cote d'Ivoire,CIV,2000,NY.GDP.MKTP.CD,16577533891.8785,GDP_USD,Afrique
Cote d'Ivoire,CIV,2001,NY.GDP.MKTP.CD,16810537043.8407,GDP_USD,Afrique
Cote d'Ivoire,CIV,2002,NY.GDP.MKTP.CD,18054383320.8474,GDP_USD,Afrique
Cote d'Ivoire,CIV,2003,NY.GDP.MKTP.CD,21251754340.4305,GDP_USD,Afrique
Cote d'Ivoire,CIV,2004,NY.GDP.MKTP.CD,23510575681.3686,GDP_USD,Afrique
Cote d'Ivoire,CIV,2005,NY.GDP.MKTP.CD,24036918703.1747,GDP_USD,Afrique
Cote d'Ivoire,CIV,2006,NY.GDP.MKTP.CD,25281413263.3712,GDP_USD,Afrique
Cote d'Ivoire,CIV,2007,NY.GDP.MKTP.CD,28760090953.3081,GDP_USD,Afrique
Cote d'Ivoire,CIV,2008,NY.GDP.MKTP.CD,34078240293.2559,GDP_USD,Afrique
Cote d'Ivoire,CIV,2009,NY.GDP.MKTP.CD,33886813250.2036,GDP_USD,Afrique
Cote d'Ivoire,CIV,2010,NY.GDP.MKTP.CD,34936307980.063,GDP_USD,Afrique
Cote d'Ivoire,CIV,2011,NY.GDP.MKTP.CD,36693710801.3976,GDP_USD,Afrique
Cote d'Ivoire,CIV,2012,NY.GDP.MKTP.CD,36302302877.2977,GDP_USD,Afrique
Cote d'Ivoire,CIV,2013,NY.GDP.MKTP.CD,42760235484.6093,GDP_USD,Afrique
Cote d'Ivoire,CIV,2014,NY.GDP.MKTP.CD,48843005613.7091,GDP_USD,Afrique
Cote d'Ivoire,CIV,2015,NY.GDP.MKTP.CD,45815005169.2651,GDP_USD,Afrique
Cote d'Ivoire,CIV,2016,NY.GDP.MKTP.CD,48407761036.8238,GDP_USD,Afrique
Cote d'Ivoire,CIV,2017,NY.GDP.MKTP.CD,52512343996.69,GDP_USD,Afrique
Cote d'Ivoire,CIV,2018,NY.GDP.MKTP.CD,58522477786.6889,GDP_USD,Afrique
Cote d'Ivoire,CIV,2019,NY.GDP.MKTP.CD,60382894697.3557,GDP_USD,Afrique
Cote d'Ivoire,CIV,2020,NY.GDP.MKTP.CD,63027852805.4204,GDP_USD,Afrique
Cote d'Ivoire,CIV,2021,NY.GDP.MKTP.CD,72794636653.7793,GDP_USD,Afrique
Cote d'Ivoire,CIV,2022,NY.GDP.MKTP.CD,70922824813.9102,GDP_USD,Afrique
Cote d'Ivoire,CIV,2023,NY.GDP.MKTP.CD,80780312569.1646,GDP_USD,Afrique
Cote d'Ivoire,CIV,2024,NY.GDP.MKTP.CD,87113179149.284,GDP_USD,Afrique
Cote d'Ivoire,CIV,2000,NY.GDP.MKTP.KD.ZG,-0.265789462275947,GDP_Growth_pct,Afrique
Cote d'Ivoire,CIV,2001,NY.GDP.MKTP.KD.ZG,-2.15401249077306,GDP_Growth_pct,Afrique
Cote d'Ivoire,CIV,2002,NY.GDP.MKTP.KD.ZG,-2.73052647441901,GDP_Growth_pct,Afrique
Cote d'Ivoire,CIV,2003,NY.GDP.MKTP.KD.ZG,-4.72586658630681,GDP_Growth_pct,Afrique
Cote d'Ivoire,CIV,2004,NY.GDP.MKTP.KD.ZG,3.18503822575397,GDP_Growth_pct,Afrique
Cote d'Ivoire,CIV,2005,NY.GDP.MKTP.KD.ZG,0.996065564854788,GDP_Growth_pct,Afrique
Cote d'Ivoire,CIV,2006,NY.GDP.MKTP.KD.ZG,2.81557859252327,GDP_Growth_pct,Afrique
Cote d'Ivoire,CIV,2007,NY.GDP.MKTP.KD.ZG,1.10142976793477,GDP_Growth_pct,Afrique
Cote d'Ivoire,CIV,2008,NY.GDP.MKTP.KD.ZG,4.7826659787672,GDP_Growth_pct,Afrique
Cote d'Ivoire,CIV,2009,NY.GDP.MKTP.KD.ZG,3.60332156667053,GDP_Growth_pct,Afrique
Cote d'Ivoire,CIV,2010,NY.GDP.MKTP.KD.ZG,6.84804939907013,GDP_Growth_pct,Afrique
Cote d'Ivoire,CIV,2011,NY.GDP.MKTP.KD.ZG,-5.37044724000579,GDP_Growth_pct,Afrique
Cote d'Ivoire,CIV,2012,NY.GDP.MKTP.KD.ZG,7.62041176451649,GDP_Growth_pct,Afrique
Cote d'Ivoire,CIV,2013,NY.GDP.MKTP.KD.ZG,10.7602131311256,GDP_Growth_pct,Afrique
Cote d'Ivoire,CIV,2014,NY.GDP.MKTP.KD.ZG,9.37199994240375,GDP_Growth_pct,Afrique
Cote d'Ivoire,CIV,2015,NY.GDP.MKTP.KD.ZG,7.19494942728191,GDP_Growth_pct,Afrique
Cote d'Ivoire,CIV,2016,NY.GDP.MKTP.KD.ZG,7.17275963956332,GDP_Growth_pct,Afrique
Cote d'Ivoire,CIV,2017,NY.GDP.MKTP.KD.ZG,7.41076242592504,GDP_Growth_pct,Afrique
Cote d'Ivoire,CIV,2018,NY.GDP.MKTP.KD.ZG,4.84314605889178,GDP_Growth_pct,Afrique
Cote d'Ivoire,CIV,2019,NY.GDP.MKTP.KD.ZG,6.72137167584978,GDP_Growth_pct,Afrique
Cote d'Ivoire,CIV,2020,NY.GDP.MKTP.KD.ZG,0.699728593494228,GDP_Growth_pct,Afrique
Cote d'Ivoire,CIV,2021,NY.GDP.MKTP.KD.ZG,7.06332910205232,GDP_Growth_pct,Afrique
Cote d'Ivoire,CIV,2022,NY.GDP.MKTP.KD.ZG,6.39988362720531,GDP_Growth_pct,Afrique
Cote d'Ivoire,CIV,2023,NY.GDP.MKTP.KD.ZG,6.60000045223954,GDP_Growth_pct,Afrique
Cote d'Ivoire,CIV,2024,NY.GDP.MKTP.KD.ZG,6.01953461940062,GDP_Growth_pct,Afrique
Cote d'Ivoire,CIV,2000,NY.GDP.PCAP.CD,936.636541348798,GDP_per_capita_USD,Afrique
Cote d'Ivoire,CIV,2001,NY.GDP.PCAP.CD,924.727294962066,GDP_per_capita_USD,Afrique
Cote d'Ivoire,CIV,2002,NY.GDP.PCAP.CD,967.815864415991,GDP_per_capita_USD,Afrique
Cote d'Ivoire,CIV,2003,NY.GDP.PCAP.CD,1111.17135087887,GDP_per_capita_USD,Afrique
Cote d'Ivoire,CIV,2004,NY.GDP.PCAP.CD,1199.82524528546,GDP_per_capita_USD,Afrique
Cote d'Ivoire,CIV,2005,NY.GDP.PCAP.CD,1197.74616979415,GDP_per_capita_USD,Afrique
Cote d'Ivoire,CIV,2006,NY.GDP.PCAP.CD,1230.43056838584,GDP_per_capita_USD,Afrique
Cote d'Ivoire,CIV,2007,NY.GDP.PCAP.CD,1367.53817722326,GDP_per_capita_USD,Afrique
Cote d'Ivoire,CIV,2008,NY.GDP.PCAP.CD,1583.97066701372,GDP_per_capita_USD,Afrique
Cote d'Ivoire,CIV,2009,NY.GDP.PCAP.CD,1540.45393569596,GDP_per_capita_USD,Afrique
Cote d'Ivoire,CIV,2010,NY.GDP.PCAP.CD,1553.54887048143,GDP_per_capita_USD,Afrique
Cote d'Ivoire,CIV,2011,NY.GDP.PCAP.CD,1596.62826565998,GDP_per_capita_USD,Afrique
Cote d'Ivoire,CIV,2012,NY.GDP.PCAP.CD,1546.9460184731,GDP_per_capita_USD,Afrique
Cote d'Ivoire,CIV,2013,NY.GDP.PCAP.CD,1786.15862031324,GDP_per_capita_USD,Afrique
Cote d'Ivoire,CIV,2014,NY.GDP.PCAP.CD,1991.36539423404,GDP_per_capita_USD,Afrique
Cote d'Ivoire,CIV,2015,NY.GDP.PCAP.CD,1814.71855088017,GDP_per_capita_USD,Afrique
Cote d'Ivoire,CIV,2016,NY.GDP.PCAP.CD,1862.59597081287,GDP_per_capita_USD,Afrique
Cote d'Ivoire,CIV,2017,NY.GDP.PCAP.CD,1964.29930338343,GDP_per_capita_USD,Afrique
Cote d'Ivoire,CIV,2018,NY.GDP.PCAP.CD,2130.86619381144,GDP_per_capita_USD,Afrique
Cote d'Ivoire,CIV,2019,NY.GDP.PCAP.CD,2141.76836170115,GDP_per_capita_USD,Afrique
Cote d'Ivoire,CIV,2020,NY.GDP.PCAP.CD,2179.72934832935,GDP_per_capita_USD,Afrique
Cote d'Ivoire,CIV,2021,NY.GDP.PCAP.CD,2455.98127641148,GDP_per_capita_USD,Afrique
Cote d'Ivoire,CIV,2022,NY.GDP.PCAP.CD,2333.37128301259,GDP_per_capita_USD,Afrique
Cote d'Ivoire,CIV,2023,NY.GDP.PCAP.CD,2591.9659048119,GDP_per_capita_USD,Afrique
Cote d'Ivoire,CIV,2024,NY.GDP.PCAP.CD,2727.8935220697,GDP_per_capita_USD,Afrique
Cote d'Ivoire,CIV,2000,SL.UEM.TOTL.ZS,4.816,Unemployment_pct,Afrique
Cote d'Ivoire,CIV,2001,SL.UEM.TOTL.ZS,5.167,Unemployment_pct,Afrique
Cote d'Ivoire,CIV,2002,SL.UEM.TOTL.ZS,5.474,Unemployment_pct,Afrique
Cote d'Ivoire,CIV,2003,SL.UEM.TOTL.ZS,5.805,Unemployment_pct,Afrique
Cote d'Ivoire,CIV,2004,SL.UEM.TOTL.ZS,5.883,Unemployment_pct,Afrique
Cote d'Ivoire,CIV,2005,SL.UEM.TOTL.ZS,5.999,Unemployment_pct,Afrique
Cote d'Ivoire,CIV,2006,SL.UEM.TOTL.ZS,6.009,Unemployment_pct,Afrique
Cote d'Ivoire,CIV,2007,SL.UEM.TOTL.ZS,6.272,Unemployment_pct,Afrique
Cote d'Ivoire,CIV,2008,SL.UEM.TOTL.ZS,6.379,Unemployment_pct,Afrique
Cote d'Ivoire,CIV,2009,SL.UEM.TOTL.ZS,6.571,Unemployment_pct,Afrique
Cote d'Ivoire,CIV,2010,SL.UEM.TOTL.ZS,6.618,Unemployment_pct,Afrique
Cote d'Ivoire,CIV,2011,SL.UEM.TOTL.ZS,7.135,Unemployment_pct,Afrique
Cote d'Ivoire,CIV,2012,SL.UEM.TOTL.ZS,7.223,Unemployment_pct,Afrique
Cote d'Ivoire,CIV,2013,SL.UEM.TOTL.ZS,4.255,Unemployment_pct,Afrique
Cote d'Ivoire,CIV,2014,SL.UEM.TOTL.ZS,3.285,Unemployment_pct,Afrique
Cote d'Ivoire,CIV,2015,SL.UEM.TOTL.ZS,2.579,Unemployment_pct,Afrique
Cote d'Ivoire,CIV,2016,SL.UEM.TOTL.ZS,1.896,Unemployment_pct,Afrique
Cote d'Ivoire,CIV,2017,SL.UEM.TOTL.ZS,3.272,Unemployment_pct,Afrique
Cote d'Ivoire,CIV,2018,SL.UEM.TOTL.ZS,2.85,Unemployment_pct,Afrique
Cote d'Ivoire,CIV,2019,SL.UEM.TOTL.ZS,2.401,Unemployment_pct,Afrique
Cote d'Ivoire,CIV,2020,SL.UEM.TOTL.ZS,2.584,Unemployment_pct,Afrique
Cote d'Ivoire,CIV,2021,SL.UEM.TOTL.ZS,2.63,Unemployment_pct,Afrique
Cote d'Ivoire,CIV,2022,SL.UEM.TOTL.ZS,2.306,Unemployment_pct,Afrique
Cote d'Ivoire,CIV,2023,SL.UEM.TOTL.ZS,2.27,Unemployment_pct,Afrique
Cote d'Ivoire,CIV,2024,SL.UEM.TOTL.ZS,2.288,Unemployment_pct,Afrique
Germany,DEU,2000,FP.CPI.TOTL.ZG,1.44026838719741,Inflation_pct,Europe
Germany,DEU,2001,FP.CPI.TOTL.ZG,1.98385731334471,Inflation_pct,Europe
Germany,DEU,2002,FP.CPI.TOTL.ZG,1.42080615551526,Inflation_pct,Europe
Germany,DEU,2003,FP.CPI.TOTL.ZG,1.03422218628562,Inflation_pct,Europe
Germany,DEU,2004,FP.CPI.TOTL.ZG,1.66573696655992,Inflation_pct,Europe
Germany,DEU,2005,FP.CPI.TOTL.ZG,1.54691114751328,Inflation_pct,Europe
Germany,DEU,2006,FP.CPI.TOTL.ZG,1.57742642840563,Inflation_pct,Europe
Germany,DEU,2007,FP.CPI.TOTL.ZG,2.29834400700951,Inflation_pct,Europe
Germany,DEU,2008,FP.CPI.TOTL.ZG,2.62837981637219,Inflation_pct,Europe
Germany,DEU,2009,FP.CPI.TOTL.ZG,0.312739007368447,Inflation_pct,Europe
Germany,DEU,2010,FP.CPI.TOTL.ZG,1.1038103778926,Inflation_pct,Europe
Germany,DEU,2011,FP.CPI.TOTL.ZG,2.07517283735874,Inflation_pct,Europe
Germany,DEU,2012,FP.CPI.TOTL.ZG,2.00848884782956,Inflation_pct,Europe
Germany,DEU,2013,FP.CPI.TOTL.ZG,1.50472330251876,Inflation_pct,Europe
Germany,DEU,2014,FP.CPI.TOTL.ZG,0.906794000434246,Inflation_pct,Europe
Germany,DEU,2015,FP.CPI.TOTL.ZG,0.514426137125456,Inflation_pct,Europe
Germany,DEU,2016,FP.CPI.TOTL.ZG,0.491747008445174,Inflation_pct,Europe
Germany,DEU,2017,FP.CPI.TOTL.ZG,1.50949485109628,Inflation_pct,Europe
Germany,DEU,2018,FP.CPI.TOTL.ZG,1.73216879766942,Inflation_pct,Europe
Germany,DEU,2019,FP.CPI.TOTL.ZG,1.44565976888253,Inflation_pct,Europe
Germany,DEU,2020,FP.CPI.TOTL.ZG,0.144877925813982,Inflation_pct,Europe
Germany,DEU,2021,FP.CPI.TOTL.ZG,3.06666666666673,Inflation_pct,Europe
Germany,DEU,2022,FP.CPI.TOTL.ZG,6.87257438551097,Inflation_pct,Europe
Germany,DEU,2023,FP.CPI.TOTL.ZG,5.94643667725823,Inflation_pct,Europe
Germany,DEU,2024,FP.CPI.TOTL.ZG,2.2564981433876,Inflation_pct,Europe
Germany,DEU,2000,GC.DOD.TOTL.GD.ZS,,Public_debt_pct_GDP,Europe
Germany,DEU,2001,GC.DOD.TOTL.GD.ZS,,Public_debt_pct_GDP,Europe
Germany,DEU,2002,GC.DOD.TOTL.GD.ZS,,Public_debt_pct_GDP,Europe
Germany,DEU,2003,GC.DOD.TOTL.GD.ZS,,Public_debt_pct_GDP,Europe
Germany,DEU,2004,GC.DOD.TOTL.GD.ZS,,Public_debt_pct_GDP,Europe
Germany,DEU,2005,GC.DOD.TOTL.GD.ZS,,Public_debt_pct_GDP,Europe
Germany,DEU,2006,GC.DOD.TOTL.GD.ZS,,Public_debt_pct_GDP,Europe
Germany,DEU,2007,GC.DOD.TOTL.GD.ZS,,Public_debt_pct_GDP,Europe
Germany,DEU,2008,GC.DOD.TOTL.GD.ZS,,Public_debt_pct_GDP,Europe
Germany,DEU,2009,GC.DOD.TOTL.GD.ZS,,Public_debt_pct_GDP,Europe
Germany,DEU,2010,GC.DOD.TOTL.GD.ZS,,Public_debt_pct_GDP,Europe
Germany,DEU,2011,GC.DOD.TOTL.GD.ZS,,Public_debt_pct_GDP,Europe
Germany,DEU,2012,GC.DOD.TOTL.GD.ZS,,Public_debt_pct_GDP,Europe
Germany,DEU,2013,GC.DOD.TOTL.GD.ZS,,Public_debt_pct_GDP,Europe
Germany,DEU,2014,GC.DOD.TOTL.GD.ZS,,Public_debt_pct_GDP,Europe
Germany,DEU,2015,GC.DOD.TOTL.GD.ZS,,Public_debt_pct_GDP,Europe
Germany,DEU,2016,GC.DOD.TOTL.GD.ZS,,Public_debt_pct_GDP,Europe
Germany,DEU,2017,GC.DOD.TOTL.GD.ZS,,Public_debt_pct_GDP,Europe
Germany,DEU,2018,GC.DOD.TOTL.GD.ZS,,Public_debt_pct_GDP,Europe
Germany,DEU,2019,GC.DOD.TOTL.GD.ZS,,Public_debt_pct_GDP,Europe
Germany,DEU,2020,GC.DOD.TOTL.GD.ZS,,Public_debt_pct_GDP,Europe
Germany,DEU,2021,GC.DOD.TOTL.GD.ZS,,Public_debt_pct_GDP,Europe
Germany,DEU,2022,GC.DOD.TOTL.GD.ZS,,Public_debt_pct_GDP,Europe
Germany,DEU,2023,GC.DOD.TOTL.GD.ZS,,Public_debt_pct_GDP,Europe
Germany,DEU,2024,GC.DOD.TOTL.GD.ZS,,Public_debt_pct_GDP,Europe
Germany,DEU,2000,NY.GDP.MKTP.CD,1966980701145.1,GDP_USD,Europe
Germany,DEU,2001,NY.GDP.MKTP.CD,1966381496641.73,GDP_USD,Europe
Germany,DEU,2002,NY.GDP.MKTP.CD,2102350798305.89,GDP_USD,Europe
Germany,DEU,2003,NY.GDP.MKTP.CD,2534715518349.01,GDP_USD,Europe
Germany,DEU,2004,NY.GDP.MKTP.CD,2852317768061.78,GDP_USD,Europe
Germany,DEU,2005,NY.GDP.MKTP.CD,2893393187361.87,GDP_USD,Europe
Germany,DEU,2006,NY.GDP.MKTP.CD,3046308753670.58,GDP_USD,Europe
Germany,DEU,2007,NY.GDP.MKTP.CD,3484056680854.91,GDP_USD,Europe
Germany,DEU,2008,NY.GDP.MKTP.CD,3808197720125.0,GDP_USD,Europe
Germany,DEU,2009,NY.GDP.MKTP.CD,3478545516683.59,GDP_USD,Europe
Germany,DEU,2010,NY.GDP.MKTP.CD,3467093769666.67,GDP_USD,Europe
Germany,DEU,2011,NY.GDP.MKTP.CD,3823575803793.78,GDP_USD,Europe
Germany,DEU,2012,NY.GDP.MKTP.CD,3596483233406.25,GDP_USD,Europe
Germany,DEU,2013,NY.GDP.MKTP.CD,3807023797050.99,GDP_USD,Europe
Germany,DEU,2014,NY.GDP.MKTP.CD,3964870735760.77,GDP_USD,Europe
Germany,DEU,2015,NY.GDP.MKTP.CD,3425099578746.09,GDP_USD,Europe
Germany,DEU,2016,NY.GDP.MKTP.CD,3536787895179.0,GDP_USD,Europe
Germany,DEU,2017,NY.GDP.MKTP.CD,3765351626105.89,GDP_USD,Europe
Germany,DEU,2018,NY.GDP.MKTP.CD,4055433215301.96,GDP_USD,Europe
Germany,DEU,2019,NY.GDP.MKTP.CD,3959894794039.21,GDP_USD,Europe
Germany,DEU,2020,NY.GDP.MKTP.CD,3941398957073.94,GDP_USD,Europe
Germany,DEU,2021,NY.GDP.MKTP.CD,4355251953410.78,GDP_USD,Europe
Germany,DEU,2022,NY.GDP.MKTP.CD,4201021706478.62,GDP_USD,Europe
Germany,DEU,2023,NY.GDP.MKTP.CD,4562207532490.28,GDP_USD,Europe
Germany,DEU,2024,NY.GDP.MKTP.CD,4685592577804.69,GDP_USD,Europe
Germany,DEU,2000,NY.GDP.MKTP.KD.ZG,2.8765231247659,GDP_Growth_pct,Europe
Germany,DEU,2001,NY.GDP.MKTP.KD.ZG,1.63614170690956,GDP_Growth_pct,Europe
Germany,DEU,2002,NY.GDP.MKTP.KD.ZG,-0.228255715793637,GDP_Growth_pct,Europe
Germany,DEU,2003,NY.GDP.MKTP.KD.ZG,-0.529801394291297,GDP_Growth_pct,Europe
Germany,DEU,2004,NY.GDP.MKTP.KD.ZG,1.16208684507278,GDP_Growth_pct,Europe
Germany,DEU,2005,NY.GDP.MKTP.KD.ZG,0.885485292551564,GDP_Growth_pct,Europe
Germany,DEU,2006,NY.GDP.MKTP.KD.ZG,3.86668241523209,GDP_Growth_pct,Europe
Germany,DEU,2007,NY.GDP.MKTP.KD.ZG,2.8891174138025,GDP_Growth_pct,Europe
Germany,DEU,2008,NY.GDP.MKTP.KD.ZG,0.887902330743628,GDP_Growth_pct,Europe
Germany,DEU,2009,NY.GDP.MKTP.KD.ZG,-5.54455451920674,GDP_Growth_pct,Europe
Germany,DEU,2010,NY.GDP.MKTP.KD.ZG,4.13463778522758,GDP_Growth_pct,Europe
Germany,DEU,2011,NY.GDP.MKTP.KD.ZG,3.75796884489337,GDP_Growth_pct,Europe
Germany,DEU,2012,NY.GDP.MKTP.KD.ZG,0.463512036709204,GDP_Growth_pct,Europe
Germany,DEU,2013,NY.GDP.MKTP.KD.ZG,0.396995583779145,GDP_Growth_pct,Europe
Germany,DEU,2014,NY.GDP.MKTP.KD.ZG,2.18018602168017,GDP_Growth_pct,Europe
Germany,DEU,2015,NY.GDP.MKTP.KD.ZG,1.66300602334775,GDP_Growth_pct,Europe
Germany,DEU,2016,NY.GDP.MKTP.KD.ZG,2.22222216259371,GDP_Growth_pct,Europe
Germany,DEU,2017,NY.GDP.MKTP.KD.ZG,2.797906720551,GDP_Growth_pct,Europe
Germany,DEU,2018,NY.GDP.MKTP.KD.ZG,1.13569604599849,GDP_Growth_pct,Europe
Germany,DEU,2019,NY.GDP.MKTP.KD.ZG,0.977734697038784,GDP_Growth_pct,Europe
Germany,DEU,2020,NY.GDP.MKTP.KD.ZG,-4.13191443239947,GDP_Growth_pct,Europe
Germany,DEU,2021,NY.GDP.MKTP.KD.ZG,3.90999994204108,GDP_Growth_pct,Europe
Germany,DEU,2022,NY.GDP.MKTP.KD.ZG,1.8092581243061,GDP_Growth_pct,Europe
Germany,DEU,2023,NY.GDP.MKTP.KD.ZG,-0.869647578573321,GDP_Growth_pct,Europe
Germany,DEU,2024,NY.GDP.MKTP.KD.ZG,-0.495851897260366,GDP_Growth_pct,Europe
Germany,DEU,2000,NY.GDP.PCAP.CD,23925.8559901991,GDP_per_capita_USD,Europe
Germany,DEU,2001,NY.GDP.PCAP.CD,23878.3641471651,GDP_per_capita_USD,Europe
Germany,DEU,2002,NY.GDP.PCAP.CD,25486.5942008748,GDP_per_capita_USD,Europe
Germany,DEU,2003,NY.GDP.PCAP.CD,30711.1022511331,GDP_per_capita_USD,Europe
Germany,DEU,2004,NY.GDP.PCAP.CD,34566.7359143735,GDP_per_capita_USD,Europe
Germany,DEU,2005,NY.GDP.PCAP.CD,35084.4363546269,GDP_per_capita_USD,Europe
Germany,DEU,2006,NY.GDP.PCAP.CD,36980.3349948954,GDP_per_capita_USD,Europe
Germany,DEU,2007,NY.GDP.PCAP.CD,42350.9217211489,GDP_per_capita_USD,Europe
Germany,DEU,2008,NY.GDP.PCAP.CD,46379.1647953479,GDP_per_capita_USD,Europe
Germany,DEU,2009,NY.GDP.PCAP.CD,42471.8868625226,GDP_per_capita_USD,Europe
Germany,DEU,2010,NY.GDP.PCAP.CD,42396.9665976293,GDP_per_capita_USD,Europe
Germany,DEU,2011,NY.GDP.PCAP.CD,47630.9761883572,GDP_per_capita_USD,Europe
Germany,DEU,2012,NY.GDP.PCAP.CD,44718.0159214069,GDP_per_capita_USD,Europe
Germany,DEU,2013,NY.GDP.PCAP.CD,47206.8353514242,GDP_per_capita_USD,Europe
Germany,DEU,2014,NY.GDP.PCAP.CD,48959.5991203133,GDP_per_capita_USD,Europe
Germany,DEU,2015,NY.GDP.PCAP.CD,41929.7549110722,GDP_per_capita_USD,Europe
Germany,DEU,2016,NY.GDP.PCAP.CD,42948.9381932694,GDP_per_capita_USD,Europe
Germany,DEU,2017,NY.GDP.PCAP.CD,45553.9341495339,GDP_per_capita_USD,Europe
Germany,DEU,2018,NY.GDP.PCAP.CD,48916.1686612154,GDP_per_capita_USD,Europe
Germany,DEU,2019,NY.GDP.PCAP.CD,47656.199739747,GDP_per_capita_USD,Europe
Germany,DEU,2020,NY.GDP.PCAP.CD,47394.8734504469,GDP_per_capita_USD,Europe
Germany,DEU,2021,NY.GDP.PCAP.CD,52349.2459994422,GDP_per_capita_USD,Europe
Germany,DEU,2022,NY.GDP.PCAP.CD,50506.5179638543,GDP_per_capita_USD,Europe
Germany,DEU,2023,NY.GDP.PCAP.CD,54776.7668235491,GDP_per_capita_USD,Europe
Germany,DEU,2024,NY.GDP.PCAP.CD,56103.7323182554,GDP_per_capita_USD,Europe
Germany,DEU,2000,SL.UEM.TOTL.ZS,7.917,Unemployment_pct,Europe
Germany,DEU,2001,SL.UEM.TOTL.ZS,7.773,Unemployment_pct,Europe
Germany,DEU,2002,SL.UEM.TOTL.ZS,8.482,Unemployment_pct,Europe
Germany,DEU,2003,SL.UEM.TOTL.ZS,9.779,Unemployment_pct,Europe
Germany,DEU,2004,SL.UEM.TOTL.ZS,10.727,Unemployment_pct,Europe
Germany,DEU,2005,SL.UEM.TOTL.ZS,11.193,Unemployment_pct,Europe
Germany,DEU,2006,SL.UEM.TOTL.ZS,10.277,Unemployment_pct,Europe
Germany,DEU,2007,SL.UEM.TOTL.ZS,8.732,Unemployment_pct,Europe
Germany,DEU,2008,SL.UEM.TOTL.ZS,7.508,Unemployment_pct,Europe
Germany,DEU,2009,SL.UEM.TOTL.ZS,7.88,Unemployment_pct,Europe
Germany,DEU,2010,SL.UEM.TOTL.ZS,7.043,Unemployment_pct,Europe
Germany,DEU,2011,SL.UEM.TOTL.ZS,5.967,Unemployment_pct,Europe
Germany,DEU,2012,SL.UEM.TOTL.ZS,5.372,Unemployment_pct,Europe
Germany,DEU,2013,SL.UEM.TOTL.ZS,5.316,Unemployment_pct,Europe
Germany,DEU,2014,SL.UEM.TOTL.ZS,4.979,Unemployment_pct,Europe
Germany,DEU,2015,SL.UEM.TOTL.ZS,4.612,Unemployment_pct,Europe
Germany,DEU,2016,SL.UEM.TOTL.ZS,4.104,Unemployment_pct,Europe
Germany,DEU,2017,SL.UEM.TOTL.ZS,3.781,Unemployment_pct,Europe
Germany,DEU,2018,SL.UEM.TOTL.ZS,3.384,Unemployment_pct,Europe
Germany,DEU,2019,SL.UEM.TOTL.ZS,3.163,Unemployment_pct,Europe
Germany,DEU,2020,SL.UEM.TOTL.ZS,3.881,Unemployment_pct,Europe
Germany,DEU,2021,SL.UEM.TOTL.ZS,3.594,Unemployment_pct,Europe
Germany,DEU,2022,SL.UEM.TOTL.ZS,3.12,Unemployment_pct,Europe
Germany,DEU,2023,SL.UEM.TOTL.ZS,3.068,Unemployment_pct,Europe
Germany,DEU,2024,SL.UEM.TOTL.ZS,3.406,Unemployment_pct,Europe
Spain,ESP,2000,FP.CPI.TOTL.ZG,3.43351563418767,Inflation_pct,Europe
Spain,ESP,2001,FP.CPI.TOTL.ZG,3.58983413338112,Inflation_pct,Europe
Spain,ESP,2002,FP.CPI.TOTL.ZG,3.06565685902219,Inflation_pct,Europe
Spain,ESP,2003,FP.CPI.TOTL.ZG,3.03888839396655,Inflation_pct,Europe
Spain,ESP,2004,FP.CPI.TOTL.ZG,3.03924881090925,Inflation_pct,Europe
Spain,ESP,2005,FP.CPI.TOTL.ZG,3.36881409750383,Inflation_pct,Europe
Spain,ESP,2006,FP.CPI.TOTL.ZG,3.51557576832128,Inflation_pct,Europe
Spain,ESP,2007,FP.CPI.TOTL.ZG,2.78679745804946,Inflation_pct,Europe
Spain,ESP,2008,FP.CPI.TOTL.ZG,4.07534335957339,Inflation_pct,Europe
Spain,ESP,2009,FP.CPI.TOTL.ZG,-0.28781308353524,Inflation_pct,Europe
Spain,ESP,2010,FP.CPI.TOTL.ZG,1.79986457728769,Inflation_pct,Europe
Spain,ESP,2011,FP.CPI.TOTL.ZG,3.1961018883379,Inflation_pct,Europe
Spain,ESP,2012,FP.CPI.TOTL.ZG,2.44612782366809,Inflation_pct,Europe
Spain,ESP,2013,FP.CPI.TOTL.ZG,1.40858109183019,Inflation_pct,Europe
Spain,ESP,2014,FP.CPI.TOTL.ZG,-0.151114837527235,Inflation_pct,Europe
Spain,ESP,2015,FP.CPI.TOTL.ZG,-0.500365709903242,Inflation_pct,Europe
Spain,ESP,2016,FP.CPI.TOTL.ZG,-0.202598000426452,Inflation_pct,Europe
Spain,ESP,2017,FP.CPI.TOTL.ZG,1.95607633363963,Inflation_pct,Europe
Spain,ESP,2018,FP.CPI.TOTL.ZG,1.6749813686379,Inflation_pct,Europe
Spain,ESP,2019,FP.CPI.TOTL.ZG,0.699518994458739,Inflation_pct,Europe
Spain,ESP,2020,FP.CPI.TOTL.ZG,-0.322753017299739,Inflation_pct,Europe
Spain,ESP,2021,FP.CPI.TOTL.ZG,3.0931351197642,Inflation_pct,Europe
Spain,ESP,2022,FP.CPI.TOTL.ZG,8.39057634118627,Inflation_pct,Europe
Spain,ESP,2023,FP.CPI.TOTL.ZG,3.53236133492433,Inflation_pct,Europe
Spain,ESP,2024,FP.CPI.TOTL.ZG,2.77417826534772,Inflation_pct,Europe
Spain,ESP,2000,GC.DOD.TOTL.GD.ZS,56.4411355546668,Public_debt_pct_GDP,Europe
Spain,ESP,2001,GC.DOD.TOTL.GD.ZS,51.9977632183383,Public_debt_pct_GDP,Europe
Spain,ESP,2002,GC.DOD.TOTL.GD.ZS,50.1525231278943,Public_debt_pct_GDP,Europe
Spain,ESP,2003,GC.DOD.TOTL.GD.ZS,45.4755013249315,Public_debt_pct_GDP,Europe
Spain,ESP,2004,GC.DOD.TOTL.GD.ZS,43.4376841356233,Public_debt_pct_GDP,Europe
Spain,ESP,2005,GC.DOD.TOTL.GD.ZS,40.2343199708659,Public_debt_pct_GDP,Europe
Spain,ESP,2006,GC.DOD.TOTL.GD.ZS,35.7479971661015,Public_debt_pct_GDP,Europe
Spain,ESP,2007,GC.DOD.TOTL.GD.ZS,31.7331273427183,Public_debt_pct_GDP,Europe
Spain,ESP,2008,GC.DOD.TOTL.GD.ZS,35.7047178344384,Public_debt_pct_GDP,Europe
Spain,ESP,2009,GC.DOD.TOTL.GD.ZS,48.1994103859309,Public_debt_pct_GDP,Europe
Spain,ESP,2010,GC.DOD.TOTL.GD.ZS,49.9611949458986,Public_debt_pct_GDP,Europe
Spain,ESP,2011,GC.DOD.TOTL.GD.ZS,57.789985767622,Public_debt_pct_GDP,Europe
Spain,ESP,2012,GC.DOD.TOTL.GD.ZS,77.4461594128753,Public_debt_pct_GDP,Europe
Spain,ESP,2013,GC.DOD.TOTL.GD.ZS,91.8693310694076,Public_debt_pct_GDP,Europe
Spain,ESP,2014,GC.DOD.TOTL.GD.ZS,104.927837458817,Public_debt_pct_GDP,Europe
Spain,ESP,2015,GC.DOD.TOTL.GD.ZS,104.513601542435,Public_debt_pct_GDP,Europe
Spain,ESP,2016,GC.DOD.TOTL.GD.ZS,105.968136997792,Public_debt_pct_GDP,Europe
Spain,ESP,2017,GC.DOD.TOTL.GD.ZS,106.577780541254,Public_debt_pct_GDP,Europe
Spain,ESP,2018,GC.DOD.TOTL.GD.ZS,107.203121896334,Public_debt_pct_GDP,Europe
Spain,ESP,2019,GC.DOD.TOTL.GD.ZS,111.293101275415,Public_debt_pct_GDP,Europe
Spain,ESP,2020,GC.DOD.TOTL.GD.ZS,138.955245507052,Public_debt_pct_GDP,Europe
Spain,ESP,2021,GC.DOD.TOTL.GD.ZS,132.546759057657,Public_debt_pct_GDP,Europe
Spain,ESP,2022,GC.DOD.TOTL.GD.ZS,109.040623157974,Public_debt_pct_GDP,Europe
Spain,ESP,2023,GC.DOD.TOTL.GD.ZS,107.300287362269,Public_debt_pct_GDP,Europe
Spain,ESP,2024,GC.DOD.TOTL.GD.ZS,,Public_debt_pct_GDP,Europe
Spain,ESP,2000,NY.GDP.MKTP.CD,598102854756.08,GDP_USD,Europe
Spain,ESP,2001,NY.GDP.MKTP.CD,627798682378.741,GDP_USD,Europe
Spain,ESP,2002,NY.GDP.MKTP.CD,708938227243.923,GDP_USD,Europe
Spain,ESP,2003,NY.GDP.MKTP.CD,907963217057.645,GDP_USD,Europe
Spain,ESP,2004,NY.GDP.MKTP.CD,1069829382514.67,GDP_USD,Europe
Spain,ESP,2005,NY.GDP.MKTP.CD,1154667551775.88,GDP_USD,Europe
Spain,ESP,2006,NY.GDP.MKTP.CD,1261846683275.29,GDP_USD,Europe
Spain,ESP,2007,NY.GDP.MKTP.CD,1476746276854.51,GDP_USD,Europe
Spain,ESP,2008,NY.GDP.MKTP.CD,1636115447612.5,GDP_USD,Europe
Spain,ESP,2009,NY.GDP.MKTP.CD,1496587590847.66,GDP_USD,Europe
Spain,ESP,2010,NY.GDP.MKTP.CD,1427989078916.67,GDP_USD,Europe
Spain,ESP,2011,NY.GDP.MKTP.CD,1487568659241.25,GDP_USD,Europe
Spain,ESP,2012,NY.GDP.MKTP.CD,1330994811670.31,GDP_USD,Europe
Spain,ESP,2013,NY.GDP.MKTP.CD,1362186923157.65,GDP_USD,Europe
Spain,ESP,2014,NY.GDP.MKTP.CD,1380244561361.96,GDP_USD,Europe
Spain,ESP,2015,NY.GDP.MKTP.CD,1206164777553.12,GDP_USD,Europe
Spain,ESP,2016,NY.GDP.MKTP.CD,1243015667917.12,GDP_USD,Europe
Spain,ESP,2017,NY.GDP.MKTP.CD,1321754088818.83,GDP_USD,Europe
Spain,ESP,2018,NY.GDP.MKTP.CD,1431642809327.06,GDP_USD,Europe
Spain,ESP,2019,NY.GDP.MKTP.CD,1403496387686.27,GDP_USD,Europe
Spain,ESP,2020,NY.GDP.MKTP.CD,1289783836971.21,GDP_USD,Europe
Spain,ESP,2021,NY.GDP.MKTP.CD,1461244901852.69,GDP_USD,Europe
Spain,ESP,2022,NY.GDP.MKTP.CD,1448850658406.62,GDP_USD,Europe
Spain,ESP,2023,NY.GDP.MKTP.CD,1619481980719.64,GDP_USD,Europe
Spain,ESP,2024,NY.GDP.MKTP.CD,1725671652742.19,GDP_USD,Europe
Spain,ESP,2000,NY.GDP.MKTP.KD.ZG,5.20064125553942,GDP_Growth_pct,Europe
Spain,ESP,2001,NY.GDP.MKTP.KD.ZG,3.91908880808811,GDP_Growth_pct,Europe
Spain,ESP,2002,NY.GDP.MKTP.KD.ZG,2.75545611564098,GDP_Growth_pct,Europe
Spain,ESP,2003,NY.GDP.MKTP.KD.ZG,2.9392895953076,GDP_Growth_pct,Europe
Spain,ESP,2004,NY.GDP.MKTP.KD.ZG,3.1145314799161,GDP_Growth_pct,Europe
Spain,ESP,2005,NY.GDP.MKTP.KD.ZG,3.5512255846125,GDP_Growth_pct,Europe
Spain,ESP,2006,NY.GDP.MKTP.KD.ZG,4.04343515605099,GDP_Growth_pct,Europe
Spain,ESP,2007,NY.GDP.MKTP.KD.ZG,3.53350013165972,GDP_Growth_pct,Europe
Spain,ESP,2008,NY.GDP.MKTP.KD.ZG,0.767165748290694,GDP_Growth_pct,Europe
Spain,ESP,2009,NY.GDP.MKTP.KD.ZG,-3.76813306940053,GDP_Growth_pct,Europe
Spain,ESP,2010,NY.GDP.MKTP.KD.ZG,0.0941223116369514,GDP_Growth_pct,Europe
Spain,ESP,2011,NY.GDP.MKTP.KD.ZG,-0.639920636520344,GDP_Growth_pct,Europe
Spain,ESP,2012,NY.GDP.MKTP.KD.ZG,-2.86511368637748,GDP_Growth_pct,Europe
Spain,ESP,2013,NY.GDP.MKTP.KD.ZG,-1.42732224757626,GDP_Growth_pct,Europe
Spain,ESP,2014,NY.GDP.MKTP.KD.ZG,1.52048593647231,GDP_Growth_pct,Europe
Spain,ESP,2015,NY.GDP.MKTP.KD.ZG,4.06086672473866,GDP_Growth_pct,Europe
Spain,ESP,2016,NY.GDP.MKTP.KD.ZG,2.91515598595787,GDP_Growth_pct,Europe
Spain,ESP,2017,NY.GDP.MKTP.KD.ZG,2.89604207865007,GDP_Growth_pct,Europe
Spain,ESP,2018,NY.GDP.MKTP.KD.ZG,2.39541124478878,GDP_Growth_pct,Europe
Spain,ESP,2019,NY.GDP.MKTP.KD.ZG,1.96117850841711,GDP_Growth_pct,Europe
Spain,ESP,2020,NY.GDP.MKTP.KD.ZG,-10.9400706350371,GDP_Growth_pct,Europe
Spain,ESP,2021,NY.GDP.MKTP.KD.ZG,6.68314420473001,GDP_Growth_pct,Europe
Spain,ESP,2022,NY.GDP.MKTP.KD.ZG,6.37031712129601,GDP_Growth_pct,Europe
Spain,ESP,2023,NY.GDP.MKTP.KD.ZG,2.46085796805582,GDP_Growth_pct,Europe
Spain,ESP,2024,NY.GDP.MKTP.KD.ZG,3.45525405630191,GDP_Growth_pct,Europe
Spain,ESP,2000,NY.GDP.PCAP.CD,14743.2671031455,GDP_per_capita_USD,Europe
Spain,ESP,2001,NY.GDP.PCAP.CD,15368.2337984435,GDP_per_capita_USD,Europe
Spain,ESP,2002,NY.GDP.PCAP.CD,17111.0685058941,GDP_per_capita_USD,Europe
Spain,ESP,2003,NY.GDP.PCAP.CD,21522.0170990262,GDP_per_capita_USD,Europe
Spain,ESP,2004,NY.GDP.PCAP.CD,24925.0267844576,GDP_per_capita_USD,Europe
Spain,ESP,2005,NY.GDP.PCAP.CD,26450.9530130382,GDP_per_capita_USD,Europe
Spain,ESP,2006,NY.GDP.PCAP.CD,28421.686527407,GDP_per_capita_USD,Europe
Spain,ESP,2007,NY.GDP.PCAP.CD,32652.015594702,GDP_per_capita_USD,Europe
Spain,ESP,2008,NY.GDP.PCAP.CD,35603.248328071,GDP_per_capita_USD,Europe
Spain,ESP,2009,NY.GDP.PCAP.CD,32279.8208476151,GDP_per_capita_USD,Europe
Spain,ESP,2010,NY.GDP.PCAP.CD,30658.7422282912,GDP_per_capita_USD,Europe
Spain,ESP,2011,NY.GDP.PCAP.CD,31824.6219134777,GDP_per_capita_USD,Europe
Spain,ESP,2012,NY.GDP.PCAP.CD,28456.4438151477,GDP_per_capita_USD,Europe
Spain,ESP,2013,NY.GDP.PCAP.CD,29228.846559842,GDP_per_capita_USD,Europe
Spain,ESP,2014,NY.GDP.PCAP.CD,29707.765509467,GDP_per_capita_USD,Europe
Spain,ESP,2015,NY.GDP.PCAP.CD,25982.4416197775,GDP_per_capita_USD,Europe
Spain,ESP,2016,NY.GDP.PCAP.CD,26755.6061149398,GDP_per_capita_USD,Europe
Spain,ESP,2017,NY.GDP.PCAP.CD,28381.3425596906,GDP_per_capita_USD,Europe
Spain,ESP,2018,NY.GDP.PCAP.CD,30602.4212881113,GDP_per_capita_USD,Europe
Spain,ESP,2019,NY.GDP.PCAP.CD,29786.5245689007,GDP_per_capita_USD,Europe
Spain,ESP,2020,NY.GDP.PCAP.CD,27233.9426461608,GDP_per_capita_USD,Europe
Spain,ESP,2021,NY.GDP.PCAP.CD,30799.4775937775,GDP_per_capita_USD,Europe
Spain,ESP,2022,NY.GDP.PCAP.CD,30319.4987196616,GDP_per_capita_USD,Europe
Spain,ESP,2023,NY.GDP.PCAP.CD,33493.2225409111,GDP_per_capita_USD,Europe
Spain,ESP,2024,NY.GDP.PCAP.CD,35326.7683069278,GDP_per_capita_USD,Europe
Spain,ESP,2000,SL.UEM.TOTL.ZS,13.785,Unemployment_pct,Europe
Spain,ESP,2001,SL.UEM.TOTL.ZS,10.348,Unemployment_pct,Europe
Spain,ESP,2002,SL.UEM.TOTL.ZS,11.146,Unemployment_pct,Europe
Spain,ESP,2003,SL.UEM.TOTL.ZS,11.283,Unemployment_pct,Europe
Spain,ESP,2004,SL.UEM.TOTL.ZS,11.09,Unemployment_pct,Europe
Spain,ESP,2005,SL.UEM.TOTL.ZS,9.146,Unemployment_pct,Europe
Spain,ESP,2006,SL.UEM.TOTL.ZS,8.452,Unemployment_pct,Europe
Spain,ESP,2007,SL.UEM.TOTL.ZS,8.232,Unemployment_pct,Europe
Spain,ESP,2008,SL.UEM.TOTL.ZS,11.254,Unemployment_pct,Europe
Spain,ESP,2009,SL.UEM.TOTL.ZS,17.857,Unemployment_pct,Europe
Spain,ESP,2010,SL.UEM.TOTL.ZS,19.86,Unemployment_pct,Europe
Spain,ESP,2011,SL.UEM.TOTL.ZS,21.39,Unemployment_pct,Europe
Spain,ESP,2012,SL.UEM.TOTL.ZS,24.789,Unemployment_pct,Europe
Spain,ESP,2013,SL.UEM.TOTL.ZS,26.094,Unemployment_pct,Europe
Spain,ESP,2014,SL.UEM.TOTL.ZS,24.441,Unemployment_pct,Europe
Spain,ESP,2015,SL.UEM.TOTL.ZS,22.057,Unemployment_pct,Europe
Spain,ESP,2016,SL.UEM.TOTL.ZS,19.635,Unemployment_pct,Europe
Spain,ESP,2017,SL.UEM.TOTL.ZS,17.224,Unemployment_pct,Europe
Spain,ESP,2018,SL.UEM.TOTL.ZS,15.255,Unemployment_pct,Europe
Spain,ESP,2019,SL.UEM.TOTL.ZS,14.104,Unemployment_pct,Europe
Spain,ESP,2020,SL.UEM.TOTL.ZS,15.532,Unemployment_pct,Europe
Spain,ESP,2021,SL.UEM.TOTL.ZS,14.781,Unemployment_pct,Europe
Spain,ESP,2022,SL.UEM.TOTL.ZS,12.917,Unemployment_pct,Europe
Spain,ESP,2023,SL.UEM.TOTL.ZS,12.179,Unemployment_pct,Europe
Spain,ESP,2024,SL.UEM.TOTL.ZS,11.394,Unemployment_pct,Europe
France,FRA,2000,FP.CPI.TOTL.ZG,1.67595988720927,Inflation_pct,Europe
France,FRA,2001,FP.CPI.TOTL.ZG,1.63478079549601,Inflation_pct,Europe
France,FRA,2002,FP.CPI.TOTL.ZG,1.9234122872706,Inflation_pct,Europe
France,FRA,2003,FP.CPI.TOTL.ZG,2.09847219146923,Inflation_pct,Europe
France,FRA,2004,FP.CPI.TOTL.ZG,2.14208964640241,Inflation_pct,Europe
France,FRA,2005,FP.CPI.TOTL.ZG,1.74586936380482,Inflation_pct,Europe
France,FRA,2006,FP.CPI.TOTL.ZG,1.67512449608723,Inflation_pct,Europe
France,FRA,2007,FP.CPI.TOTL.ZG,1.4879980595386,Inflation_pct,Europe
France,FRA,2008,FP.CPI.TOTL.ZG,2.81286194914787,Inflation_pct,Europe
France,FRA,2009,FP.CPI.TOTL.ZG,0.0876204781574552,Inflation_pct,Europe
France,FRA,2010,FP.CPI.TOTL.ZG,1.53112270420926,Inflation_pct,Europe
France,FRA,2011,FP.CPI.TOTL.ZG,2.11159795174994,Inflation_pct,Europe
France,FRA,2012,FP.CPI.TOTL.ZG,1.9541953161351,Inflation_pct,Europe
France,FRA,2013,FP.CPI.TOTL.ZG,0.863715497861805,Inflation_pct,Europe
France,FRA,2014,FP.CPI.TOTL.ZG,0.50775882293799,Inflation_pct,Europe
France,FRA,2015,FP.CPI.TOTL.ZG,0.0375143805125182,Inflation_pct,Europe
France,FRA,2016,FP.CPI.TOTL.ZG,0.18333486112386,Inflation_pct,Europe
France,FRA,2017,FP.CPI.TOTL.ZG,1.03228275064662,Inflation_pct,Europe
France,FRA,2018,FP.CPI.TOTL.ZG,1.85081508315502,Inflation_pct,Europe
France,FRA,2019,FP.CPI.TOTL.ZG,1.10825492288294,Inflation_pct,Europe
France,FRA,2020,FP.CPI.TOTL.ZG,0.476498852725066,Inflation_pct,Europe
France,FRA,2021,FP.CPI.TOTL.ZG,1.64233141038385,Inflation_pct,Europe
France,FRA,2022,FP.CPI.TOTL.ZG,5.22236748369735,Inflation_pct,Europe
France,FRA,2023,FP.CPI.TOTL.ZG,4.87835726508441,Inflation_pct,Europe
France,FRA,2024,FP.CPI.TOTL.ZG,1.99904942291463,Inflation_pct,Europe
France,FRA,2000,GC.DOD.TOTL.GD.ZS,,Public_debt_pct_GDP,Europe
France,FRA,2001,GC.DOD.TOTL.GD.ZS,,Public_debt_pct_GDP,Europe
France,FRA,2002,GC.DOD.TOTL.GD.ZS,,Public_debt_pct_GDP,Europe
France,FRA,2003,GC.DOD.TOTL.GD.ZS,,Public_debt_pct_GDP,Europe
France,FRA,2004,GC.DOD.TOTL.GD.ZS,,Public_debt_pct_GDP,Europe
France,FRA,2005,GC.DOD.TOTL.GD.ZS,,Public_debt_pct_GDP,Europe
France,FRA,2006,GC.DOD.TOTL.GD.ZS,,Public_debt_pct_GDP,Europe
France,FRA,2007,GC.DOD.TOTL.GD.ZS,,Public_debt_pct_GDP,Europe
France,FRA,2008,GC.DOD.TOTL.GD.ZS,,Public_debt_pct_GDP,Europe
France,FRA,2009,GC.DOD.TOTL.GD.ZS,,Public_debt_pct_GDP,Europe
France,FRA,2010,GC.DOD.TOTL.GD.ZS,,Public_debt_pct_GDP,Europe
France,FRA,2011,GC.DOD.TOTL.GD.ZS,,Public_debt_pct_GDP,Europe
France,FRA,2012,GC.DOD.TOTL.GD.ZS,,Public_debt_pct_GDP,Europe
France,FRA,2013,GC.DOD.TOTL.GD.ZS,,Public_debt_pct_GDP,Europe
France,FRA,2014,GC.DOD.TOTL.GD.ZS,,Public_debt_pct_GDP,Europe
France,FRA,2015,GC.DOD.TOTL.GD.ZS,,Public_debt_pct_GDP,Europe
France,FRA,2016,GC.DOD.TOTL.GD.ZS,,Public_debt_pct_GDP,Europe
France,FRA,2017,GC.DOD.TOTL.GD.ZS,,Public_debt_pct_GDP,Europe
France,FRA,2018,GC.DOD.TOTL.GD.ZS,,Public_debt_pct_GDP,Europe
France,FRA,2019,GC.DOD.TOTL.GD.ZS,,Public_debt_pct_GDP,Europe
France,FRA,2020,GC.DOD.TOTL.GD.ZS,,Public_debt_pct_GDP,Europe
France,FRA,2021,GC.DOD.TOTL.GD.ZS,,Public_debt_pct_GDP,Europe
France,FRA,2022,GC.DOD.TOTL.GD.ZS,,Public_debt_pct_GDP,Europe
France,FRA,2023,GC.DOD.TOTL.GD.ZS,,Public_debt_pct_GDP,Europe
France,FRA,2024,GC.DOD.TOTL.GD.ZS,,Public_debt_pct_GDP,Europe
France,FRA,2000,NY.GDP.MKTP.CD,1360959069477.49,GDP_USD,Europe
France,FRA,2001,NY.GDP.MKTP.CD,1370376677298.86,GDP_USD,Europe
France,FRA,2002,NY.GDP.MKTP.CD,1492427756382.43,GDP_USD,Europe
France,FRA,2003,NY.GDP.MKTP.CD,1835095983049.09,GDP_USD,Europe
France,FRA,2004,NY.GDP.MKTP.CD,2109792297237.03,GDP_USD,Europe
France,FRA,2005,NY.GDP.MKTP.CD,2192146403028.17,GDP_USD,Europe
France,FRA,2006,NY.GDP.MKTP.CD,2317861544690.82,GDP_USD,Europe
France,FRA,2007,NY.GDP.MKTP.CD,2655816911866.56,GDP_USD,Europe
France,FRA,2008,NY.GDP.MKTP.CD,2926802941585.86,GDP_USD,Europe
France,FRA,2009,NY.GDP.MKTP.CD,2700075882518.98,GDP_USD,Europe
France,FRA,2010,NY.GDP.MKTP.CD,2646230027988.34,GDP_USD,Europe
France,FRA,2011,NY.GDP.MKTP.CD,2870408553990.28,GDP_USD,Europe
France,FRA,2012,NY.GDP.MKTP.CD,2683007095787.23,GDP_USD,Europe
France,FRA,2013,NY.GDP.MKTP.CD,2816077607875.26,GDP_USD,Europe
France,FRA,2014,NY.GDP.MKTP.CD,2861236112552.42,GDP_USD,Europe
France,FRA,2015,NY.GDP.MKTP.CD,2442483452642.5,GDP_USD,Europe
France,FRA,2016,NY.GDP.MKTP.CD,2470407619777.13,GDP_USD,Europe
France,FRA,2017,NY.GDP.MKTP.CD,2588868323334.71,GDP_USD,Europe
France,FRA,2018,NY.GDP.MKTP.CD,2781576320884.39,GDP_USD,Europe
France,FRA,2019,NY.GDP.MKTP.CD,2722793515171.76,GDP_USD,Europe
France,FRA,2020,NY.GDP.MKTP.CD,2647926055110.05,GDP_USD,Europe
France,FRA,2021,NY.GDP.MKTP.CD,2966433692008.09,GDP_USD,Europe
France,FRA,2022,NY.GDP.MKTP.CD,2794788137066.94,GDP_USD,Europe
France,FRA,2023,NY.GDP.MKTP.CD,3056250648138.29,GDP_USD,Europe
France,FRA,2024,NY.GDP.MKTP.CD,3160442622465.08,GDP_USD,Europe
France,FRA,2000,NY.GDP.MKTP.KD.ZG,4.14099996402915,GDP_Growth_pct,Europe
France,FRA,2001,NY.GDP.MKTP.KD.ZG,1.89946701186636,GDP_Growth_pct,Europe
France,FRA,2002,NY.GDP.MKTP.KD.ZG,1.06775027069419,GDP_Growth_pct,Europe
France,FRA,2003,NY.GDP.MKTP.KD.ZG,0.967827182558352,GDP_Growth_pct,Europe
France,FRA,2004,NY.GDP.MKTP.KD.ZG,2.86825052501032,GDP_Growth_pct,Europe
France,FRA,2005,NY.GDP.MKTP.KD.ZG,1.88856584109286,GDP_Growth_pct,Europe
France,FRA,2006,NY.GDP.MKTP.KD.ZG,2.71406448755236,GDP_Growth_pct,Europe
France,FRA,2007,NY.GDP.MKTP.KD.ZG,2.53048188351066,GDP_Growth_pct,Europe
France,FRA,2008,NY.GDP.MKTP.KD.ZG,0.380171435849121,GDP_Growth_pct,Europe
France,FRA,2009,NY.GDP.MKTP.KD.ZG,-2.82455153714783,GDP_Growth_pct,Europe
France,FRA,2010,NY.GDP.MKTP.KD.ZG,2.00032476039051,GDP_Growth_pct,Europe
France,FRA,2011,NY.GDP.MKTP.KD.ZG,2.43757653729007,GDP_Growth_pct,Europe
France,FRA,2012,NY.GDP.MKTP.KD.ZG,0.183835264973013,GDP_Growth_pct,Europe
France,FRA,2013,NY.GDP.MKTP.KD.ZG,0.781756446231,GDP_Growth_pct,Europe
France,FRA,2014,NY.GDP.MKTP.KD.ZG,0.997832947295251,GDP_Growth_pct,Europe
France,FRA,2015,NY.GDP.MKTP.KD.ZG,1.06675474783462,GDP_Growth_pct,Europe
France,FRA,2016,NY.GDP.MKTP.KD.ZG,0.860031075424033,GDP_Growth_pct,Europe
France,FRA,2017,NY.GDP.MKTP.KD.ZG,2.08361485997399,GDP_Growth_pct,Europe
France,FRA,2018,NY.GDP.MKTP.KD.ZG,1.64590872395887,GDP_Growth_pct,Europe
France,FRA,2019,NY.GDP.MKTP.KD.ZG,2.02744646419237,GDP_Growth_pct,Europe
France,FRA,2020,NY.GDP.MKTP.KD.ZG,-7.44064589948231,GDP_Growth_pct,Europe
France,FRA,2021,NY.GDP.MKTP.KD.ZG,6.88233783360239,GDP_Growth_pct,Europe
France,FRA,2022,NY.GDP.MKTP.KD.ZG,2.71676264185913,GDP_Growth_pct,Europe
France,FRA,2023,NY.GDP.MKTP.KD.ZG,1.43921494437743,GDP_Growth_pct,Europe
France,FRA,2024,NY.GDP.MKTP.KD.ZG,1.19046798275883,GDP_Growth_pct,Europe
France,FRA,2000,NY.GDP.PCAP.CD,22340.5939516217,GDP_per_capita_USD,Europe
France,FRA,2001,NY.GDP.PCAP.CD,22331.7948343036,GDP_per_capita_USD,Europe
France,FRA,2002,NY.GDP.PCAP.CD,24144.5727019529,GDP_per_capita_USD,Europe
France,FRA,2003,NY.GDP.PCAP.CD,29479.5222101175,GDP_per_capita_USD,Europe
France,FRA,2004,NY.GDP.PCAP.CD,33644.9282220364,GDP_per_capita_USD,Europe
France,FRA,2005,NY.GDP.PCAP.CD,34696.3718316971,GDP_per_capita_USD,Europe
France,FRA,2006,NY.GDP.PCAP.CD,36431.5658906555,GDP_per_capita_USD,Europe
France,FRA,2007,NY.GDP.PCAP.CD,41486.1907828787,GDP_per_capita_USD,Europe
France,FRA,2008,NY.GDP.PCAP.CD,45464.8181385158,GDP_per_capita_USD,Europe
France,FRA,2009,NY.GDP.PCAP.CD,41728.0884164132,GDP_per_capita_USD,Europe
France,FRA,2010,NY.GDP.PCAP.CD,40694.8211697025,GDP_per_capita_USD,Europe
France,FRA,2011,NY.GDP.PCAP.CD,43929.7840873812,GDP_per_capita_USD,Europe
France,FRA,2012,NY.GDP.PCAP.CD,40863.5814412333,GDP_per_capita_USD,Europe
France,FRA,2013,NY.GDP.PCAP.CD,42669.1795111893,GDP_per_capita_USD,Europe
France,FRA,2014,NY.GDP.PCAP.CD,43148.0459288416,GDP_per_capita_USD,Europe
France,FRA,2015,NY.GDP.PCAP.CD,36702.4323733379,GDP_per_capita_USD,Europe
France,FRA,2016,NY.GDP.PCAP.CD,37024.2157133669,GDP_per_capita_USD,Europe
France,FRA,2017,NY.GDP.PCAP.CD,38687.1626407164,GDP_per_capita_USD,Europe
France,FRA,2018,NY.GDP.PCAP.CD,41418.1766484844,GDP_per_capita_USD,Europe
France,FRA,2019,NY.GDP.PCAP.CD,40408.2848574751,GDP_per_capita_USD,Europe
France,FRA,2020,NY.GDP.PCAP.CD,39169.8606000707,GDP_per_capita_USD,Europe
France,FRA,2021,NY.GDP.PCAP.CD,43725.0999521245,GDP_per_capita_USD,Europe
France,FRA,2022,NY.GDP.PCAP.CD,40988.6396406579,GDP_per_capita_USD,Europe
France,FRA,2023,NY.GDP.PCAP.CD,44700.1384177544,GDP_per_capita_USD,Europe
France,FRA,2024,NY.GDP.PCAP.CD,46103.0840855884,GDP_per_capita_USD,Europe
France,FRA,2000,SL.UEM.TOTL.ZS,10.218,Unemployment_pct,Europe
France,FRA,2001,SL.UEM.TOTL.ZS,8.61,Unemployment_pct,Europe
France,FRA,2002,SL.UEM.TOTL.ZS,8.702,Unemployment_pct,Europe
France,FRA,2003,SL.UEM.TOTL.ZS,8.306,Unemployment_pct,Europe
France,FRA,2004,SL.UEM.TOTL.ZS,8.914,Unemployment_pct,Europe
France,FRA,2005,SL.UEM.TOTL.ZS,8.882,Unemployment_pct,Europe
France,FRA,2006,SL.UEM.TOTL.ZS,8.832,Unemployment_pct,Europe
France,FRA,2007,SL.UEM.TOTL.ZS,8.008,Unemployment_pct,Europe
France,FRA,2008,SL.UEM.TOTL.ZS,7.386,Unemployment_pct,Europe
France,FRA,2009,SL.UEM.TOTL.ZS,9.122,Unemployment_pct,Europe
France,FRA,2010,SL.UEM.TOTL.ZS,9.279,Unemployment_pct,Europe
France,FRA,2011,SL.UEM.TOTL.ZS,9.228,Unemployment_pct,Europe
France,FRA,2012,SL.UEM.TOTL.ZS,9.841,Unemployment_pct,Europe
France,FRA,2013,SL.UEM.TOTL.ZS,9.913,Unemployment_pct,Europe
France,FRA,2014,SL.UEM.TOTL.ZS,10.273,Unemployment_pct,Europe
France,FRA,2015,SL.UEM.TOTL.ZS,10.354,Unemployment_pct,Europe
France,FRA,2016,SL.UEM.TOTL.ZS,10.057,Unemployment_pct,Europe
France,FRA,2017,SL.UEM.TOTL.ZS,9.409,Unemployment_pct,Europe
France,FRA,2018,SL.UEM.TOTL.ZS,9.018,Unemployment_pct,Europe
France,FRA,2019,SL.UEM.TOTL.ZS,8.415,Unemployment_pct,Europe
France,FRA,2020,SL.UEM.TOTL.ZS,8.009,Unemployment_pct,Europe
France,FRA,2021,SL.UEM.TOTL.ZS,7.874,Unemployment_pct,Europe
France,FRA,2022,SL.UEM.TOTL.ZS,7.308,Unemployment_pct,Europe
France,FRA,2023,SL.UEM.TOTL.ZS,7.335,Unemployment_pct,Europe
France,FRA,2024,SL.UEM.TOTL.ZS,7.37,Unemployment_pct,Europe
United Kingdom,GBR,2000,FP.CPI.TOTL.ZG,1.18295624210408,Inflation_pct,Europe
United Kingdom,GBR,2001,FP.CPI.TOTL.ZG,1.53234960272418,Inflation_pct,Europe
United Kingdom,GBR,2002,FP.CPI.TOTL.ZG,1.52040245947455,Inflation_pct,Europe
United Kingdom,GBR,2003,FP.CPI.TOTL.ZG,1.37650038542013,Inflation_pct,Europe
United Kingdom,GBR,2004,FP.CPI.TOTL.ZG,1.39039756680422,Inflation_pct,Europe
United Kingdom,GBR,2005,FP.CPI.TOTL.ZG,2.0891364902507,Inflation_pct,Europe
United Kingdom,GBR,2006,FP.CPI.TOTL.ZG,2.4556616643929,Inflation_pct,Europe
United Kingdom,GBR,2007,FP.CPI.TOTL.ZG,2.38656150773327,Inflation_pct,Europe
United Kingdom,GBR,2008,FP.CPI.TOTL.ZG,3.52140856342539,Inflation_pct,Europe
United Kingdom,GBR,2009,FP.CPI.TOTL.ZG,1.96173173560109,Inflation_pct,Europe
United Kingdom,GBR,2010,FP.CPI.TOTL.ZG,2.49265472467065,Inflation_pct,Europe
United Kingdom,GBR,2011,FP.CPI.TOTL.ZG,3.8561124468282,Inflation_pct,Europe
United Kingdom,GBR,2012,FP.CPI.TOTL.ZG,2.5732347965453,Inflation_pct,Europe
United Kingdom,GBR,2013,FP.CPI.TOTL.ZG,2.29166666666659,Inflation_pct,Europe
United Kingdom,GBR,2014,FP.CPI.TOTL.ZG,1.45112016293279,Inflation_pct,Europe
United Kingdom,GBR,2015,FP.CPI.TOTL.ZG,0.36804684232536,Inflation_pct,Europe
United Kingdom,GBR,2016,FP.CPI.TOTL.ZG,1.0084173681141,Inflation_pct,Europe
United Kingdom,GBR,2017,FP.CPI.TOTL.ZG,2.55775577557747,Inflation_pct,Europe
United Kingdom,GBR,2018,FP.CPI.TOTL.ZG,2.29283990345938,Inflation_pct,Europe
United Kingdom,GBR,2019,FP.CPI.TOTL.ZG,1.73810460086513,Inflation_pct,Europe
United Kingdom,GBR,2020,FP.CPI.TOTL.ZG,0.989486703772491,Inflation_pct,Europe
United Kingdom,GBR,2021,FP.CPI.TOTL.ZG,2.51837109614213,Inflation_pct,Europe
United Kingdom,GBR,2022,FP.CPI.TOTL.ZG,7.92204883147902,Inflation_pct,Europe
United Kingdom,GBR,2023,FP.CPI.TOTL.ZG,6.79396706793963,Inflation_pct,Europe
United Kingdom,GBR,2024,FP.CPI.TOTL.ZG,3.2715729463592,Inflation_pct,Europe
United Kingdom,GBR,2000,GC.DOD.TOTL.GD.ZS,87.284376049437,Public_debt_pct_GDP,Europe
United Kingdom,GBR,2001,GC.DOD.TOTL.GD.ZS,84.04178204707,Public_debt_pct_GDP,Europe
United Kingdom,GBR,2002,GC.DOD.TOTL.GD.ZS,86.1686223366587,Public_debt_pct_GDP,Europe
United Kingdom,GBR,2003,GC.DOD.TOTL.GD.ZS,86.4073086616893,Public_debt_pct_GDP,Europe
United Kingdom,GBR,2004,GC.DOD.TOTL.GD.ZS,90.2045973945536,Public_debt_pct_GDP,Europe
United Kingdom,GBR,2005,GC.DOD.TOTL.GD.ZS,91.8639528693767,Public_debt_pct_GDP,Europe
United Kingdom,GBR,2006,GC.DOD.TOTL.GD.ZS,91.788062892401,Public_debt_pct_GDP,Europe
United Kingdom,GBR,2007,GC.DOD.TOTL.GD.ZS,93.3735852072108,Public_debt_pct_GDP,Europe
United Kingdom,GBR,2008,GC.DOD.TOTL.GD.ZS,104.84023075526,Public_debt_pct_GDP,Europe
United Kingdom,GBR,2009,GC.DOD.TOTL.GD.ZS,122.887383328898,Public_debt_pct_GDP,Europe
United Kingdom,GBR,2010,GC.DOD.TOTL.GD.ZS,130.497283454602,Public_debt_pct_GDP,Europe
United Kingdom,GBR,2011,GC.DOD.TOTL.GD.ZS,143.125971214621,Public_debt_pct_GDP,Europe
United Kingdom,GBR,2012,GC.DOD.TOTL.GD.ZS,146.371335905972,Public_debt_pct_GDP,Europe
United Kingdom,GBR,2013,GC.DOD.TOTL.GD.ZS,141.033172505075,Public_debt_pct_GDP,Europe
United Kingdom,GBR,2014,GC.DOD.TOTL.GD.ZS,149.584281299965,Public_debt_pct_GDP,Europe
United Kingdom,GBR,2015,GC.DOD.TOTL.GD.ZS,147.063146778865,Public_debt_pct_GDP,Europe
United Kingdom,GBR,2016,GC.DOD.TOTL.GD.ZS,155.581504971929,Public_debt_pct_GDP,Europe
United Kingdom,GBR,2017,GC.DOD.TOTL.GD.ZS,160.141177233502,Public_debt_pct_GDP,Europe
United Kingdom,GBR,2018,GC.DOD.TOTL.GD.ZS,156.766820519267,Public_debt_pct_GDP,Europe
United Kingdom,GBR,2019,GC.DOD.TOTL.GD.ZS,158.972569875821,Public_debt_pct_GDP,Europe
United Kingdom,GBR,2020,GC.DOD.TOTL.GD.ZS,194.682828796265,Public_debt_pct_GDP,Europe
United Kingdom,GBR,2021,GC.DOD.TOTL.GD.ZS,183.804848939919,Public_debt_pct_GDP,Europe
United Kingdom,GBR,2022,GC.DOD.TOTL.GD.ZS,138.215904304967,Public_debt_pct_GDP,Europe
United Kingdom,GBR,2023,GC.DOD.TOTL.GD.ZS,136.142431919028,Public_debt_pct_GDP,Europe
United Kingdom,GBR,2024,GC.DOD.TOTL.GD.ZS,131.073062954793,Public_debt_pct_GDP,Europe
United Kingdom,GBR,2000,NY.GDP.MKTP.CD,1671597821152.97,GDP_USD,Europe
United Kingdom,GBR,2001,NY.GDP.MKTP.CD,1656171009068.66,GDP_USD,Europe
United Kingdom,GBR,2002,NY.GDP.MKTP.CD,1790536570743.41,GDP_USD,Europe
United Kingdom,GBR,2003,NY.GDP.MKTP.CD,2061227755102.04,GDP_USD,Europe
United Kingdom,GBR,2004,NY.GDP.MKTP.CD,2429774807762.72,GDP_USD,Europe
United Kingdom,GBR,2005,NY.GDP.MKTP.CD,2551361818181.82,GDP_USD,Europe
United Kingdom,GBR,2006,NY.GDP.MKTP.CD,2719558417663.29,GDP_USD,Europe
United Kingdom,GBR,2007,NY.GDP.MKTP.CD,3104699879951.98,GDP_USD,Europe
United Kingdom,GBR,2008,NY.GDP.MKTP.CD,2945251838235.29,GDP_USD,Europe
United Kingdom,GBR,2009,NY.GDP.MKTP.CD,2429358155475.93,GDP_USD,Europe
United Kingdom,GBR,2010,NY.GDP.MKTP.CD,2496740681057.14,GDP_USD,Europe
United Kingdom,GBR,2011,NY.GDP.MKTP.CD,2675590034128.66,GDP_USD,Europe
United Kingdom,GBR,2012,NY.GDP.MKTP.CD,2719715961539.83,GDP_USD,Europe
United Kingdom,GBR,2013,NY.GDP.MKTP.CD,2796908333283.39,GDP_USD,Europe
United Kingdom,GBR,2014,NY.GDP.MKTP.CD,3085362169410.29,GDP_USD,Europe
United Kingdom,GBR,2015,NY.GDP.MKTP.CD,2945579890258.46,GDP_USD,Europe
United Kingdom,GBR,2016,NY.GDP.MKTP.CD,2706807606538.73,GDP_USD,Europe
United Kingdom,GBR,2017,NY.GDP.MKTP.CD,2699118387873.1,GDP_USD,Europe
United Kingdom,GBR,2018,NY.GDP.MKTP.CD,2897028009916.05,GDP_USD,Europe
United Kingdom,GBR,2019,NY.GDP.MKTP.CD,2875710080015.3,GDP_USD,Europe
United Kingdom,GBR,2020,NY.GDP.MKTP.CD,2724001478304.59,GDP_USD,Europe
United Kingdom,GBR,2021,NY.GDP.MKTP.CD,3194559188925.93,GDP_USD,Europe
United Kingdom,GBR,2022,NY.GDP.MKTP.CD,3181244350465.41,GDP_USD,Europe
United Kingdom,GBR,2023,NY.GDP.MKTP.CD,3420796653789.08,GDP_USD,Europe
United Kingdom,GBR,2024,NY.GDP.MKTP.CD,3686033044482.13,GDP_USD,Europe
United Kingdom,GBR,2000,NY.GDP.MKTP.KD.ZG,4.52438074810904,GDP_Growth_pct,Europe
United Kingdom,GBR,2001,NY.GDP.MKTP.KD.ZG,2.39102229602824,GDP_Growth_pct,Europe
United Kingdom,GBR,2002,NY.GDP.MKTP.KD.ZG,1.70902736258567,GDP_Growth_pct,Europe
United Kingdom,GBR,2003,NY.GDP.MKTP.KD.ZG,3.21851612669614,GDP_Growth_pct,Europe
United Kingdom,GBR,2004,NY.GDP.MKTP.KD.ZG,2.32601853325993,GDP_Growth_pct,Europe
United Kingdom,GBR,2005,NY.GDP.MKTP.KD.ZG,2.7906547174688,GDP_Growth_pct,Europe
United Kingdom,GBR,2006,NY.GDP.MKTP.KD.ZG,2.18982132415704,GDP_Growth_pct,Europe
United Kingdom,GBR,2007,NY.GDP.MKTP.KD.ZG,2.93091133582351,GDP_Growth_pct,Europe
United Kingdom,GBR,2008,NY.GDP.MKTP.KD.ZG,-0.0494116727402769,GDP_Growth_pct,Europe
United Kingdom,GBR,2009,NY.GDP.MKTP.KD.ZG,-4.58740819226323,GDP_Growth_pct,Europe
United Kingdom,GBR,2010,NY.GDP.MKTP.KD.ZG,2.26054460931586,GDP_Growth_pct,Europe
United Kingdom,GBR,2011,NY.GDP.MKTP.KD.ZG,0.851437739020326,GDP_Growth_pct,Europe
United Kingdom,GBR,2012,NY.GDP.MKTP.KD.ZG,1.52826034721852,GDP_Growth_pct,Europe
United Kingdom,GBR,2013,NY.GDP.MKTP.KD.ZG,1.71846961308464,GDP_Growth_pct,Europe
United Kingdom,GBR,2014,NY.GDP.MKTP.KD.ZG,3.16017351468152,GDP_Growth_pct,Europe
United Kingdom,GBR,2015,NY.GDP.MKTP.KD.ZG,2.14040560033371,GDP_Growth_pct,Europe
United Kingdom,GBR,2016,NY.GDP.MKTP.KD.ZG,2.20652020635357,GDP_Growth_pct,Europe
United Kingdom,GBR,2017,NY.GDP.MKTP.KD.ZG,3.02322219840339,GDP_Growth_pct,Europe
United Kingdom,GBR,2018,NY.GDP.MKTP.KD.ZG,1.55133095078786,GDP_Growth_pct,Europe
United Kingdom,GBR,2019,NY.GDP.MKTP.KD.ZG,1.25629899760824,GDP_Growth_pct,Europe
United Kingdom,GBR,2020,NY.GDP.MKTP.KD.ZG,-10.047896637362,GDP_Growth_pct,Europe
United Kingdom,GBR,2021,NY.GDP.MKTP.KD.ZG,8.5431118453255,GDP_Growth_pct,Europe
United Kingdom,GBR,2022,NY.GDP.MKTP.KD.ZG,5.14970388522993,GDP_Growth_pct,Europe
United Kingdom,GBR,2023,NY.GDP.MKTP.KD.ZG,0.271650048355255,GDP_Growth_pct,Europe
United Kingdom,GBR,2024,NY.GDP.MKTP.KD.ZG,1.1264226705118,GDP_Growth_pct,Europe
United Kingdom,GBR,2000,NY.GDP.PCAP.CD,28383.8761094996,GDP_per_capita_USD,Europe
United Kingdom,GBR,2001,NY.GDP.PCAP.CD,28013.8729635508,GDP_per_capita_USD,Europe
United Kingdom,GBR,2002,NY.GDP.PCAP.CD,30158.7017807858,GDP_per_capita_USD,Europe
United Kingdom,GBR,2003,NY.GDP.PCAP.CD,34556.7726095905,GDP_per_capita_USD,Europe
United Kingdom,GBR,2004,NY.GDP.PCAP.CD,40504.4118103928,GDP_per_capita_USD,Europe
United Kingdom,GBR,2005,NY.GDP.PCAP.CD,42240.2462987547,GDP_per_capita_USD,Europe
United Kingdom,GBR,2006,NY.GDP.PCAP.CD,44695.161023424,GDP_per_capita_USD,Europe
United Kingdom,GBR,2007,NY.GDP.PCAP.CD,50629.0799172887,GDP_per_capita_USD,Europe
United Kingdom,GBR,2008,NY.GDP.PCAP.CD,47652.4030691881,GDP_per_capita_USD,Europe
United Kingdom,GBR,2009,NY.GDP.PCAP.CD,39009.3715547821,GDP_per_capita_USD,Europe
United Kingdom,GBR,2010,NY.GDP.PCAP.CD,39778.3220528565,GDP_per_capita_USD,Europe
United Kingdom,GBR,2011,NY.GDP.PCAP.CD,42295.9273835322,GDP_per_capita_USD,Europe
United Kingdom,GBR,2012,NY.GDP.PCAP.CD,42688.3263728372,GDP_per_capita_USD,Europe
United Kingdom,GBR,2013,NY.GDP.PCAP.CD,43606.9837896348,GDP_per_capita_USD,Europe
United Kingdom,GBR,2014,NY.GDP.PCAP.CD,47746.2421759562,GDP_per_capita_USD,Europe
United Kingdom,GBR,2015,NY.GDP.PCAP.CD,45255.3449216209,GDP_per_capita_USD,Europe
United Kingdom,GBR,2016,NY.GDP.PCAP.CD,41257.9085545556,GDP_per_capita_USD,Europe
United Kingdom,GBR,2017,NY.GDP.PCAP.CD,40916.8115070354,GDP_per_capita_USD,Europe
United Kingdom,GBR,2018,NY.GDP.PCAP.CD,43702.9976303165,GDP_per_capita_USD,Europe
United Kingdom,GBR,2019,NY.GDP.PCAP.CD,43158.7411267323,GDP_per_capita_USD,Europe
United Kingdom,GBR,2020,NY.GDP.PCAP.CD,40812.6794663879,GDP_per_capita_USD,Europe
United Kingdom,GBR,2021,NY.GDP.PCAP.CD,47691.3768799404,GDP_per_capita_USD,Europe
United Kingdom,GBR,2022,NY.GDP.PCAP.CD,47057.043229179,GDP_per_capita_USD,Europe
United Kingdom,GBR,2023,NY.GDP.PCAP.CD,49944.4702124201,GDP_per_capita_USD,Europe
United Kingdom,GBR,2024,NY.GDP.PCAP.CD,53246.3676145108,GDP_per_capita_USD,Europe
United Kingdom,GBR,2000,SL.UEM.TOTL.ZS,5.558,Unemployment_pct,Europe
United Kingdom,GBR,2001,SL.UEM.TOTL.ZS,4.696,Unemployment_pct,Europe
United Kingdom,GBR,2002,SL.UEM.TOTL.ZS,5.037,Unemployment_pct,Europe
United Kingdom,GBR,2003,SL.UEM.TOTL.ZS,4.807,Unemployment_pct,Europe
United Kingdom,GBR,2004,SL.UEM.TOTL.ZS,4.594,Unemployment_pct,Europe
United Kingdom,GBR,2005,SL.UEM.TOTL.ZS,4.835,Unemployment_pct,Europe
United Kingdom,GBR,2006,SL.UEM.TOTL.ZS,5.411,Unemployment_pct,Europe
United Kingdom,GBR,2007,SL.UEM.TOTL.ZS,5.342,Unemployment_pct,Europe
United Kingdom,GBR,2008,SL.UEM.TOTL.ZS,5.705,Unemployment_pct,Europe
United Kingdom,GBR,2009,SL.UEM.TOTL.ZS,7.627,Unemployment_pct,Europe
United Kingdom,GBR,2010,SL.UEM.TOTL.ZS,7.924,Unemployment_pct,Europe
United Kingdom,GBR,2011,SL.UEM.TOTL.ZS,8.169,Unemployment_pct,Europe
United Kingdom,GBR,2012,SL.UEM.TOTL.ZS,8.25,Unemployment_pct,Europe
United Kingdom,GBR,2013,SL.UEM.TOTL.ZS,7.704,Unemployment_pct,Europe
United Kingdom,GBR,2014,SL.UEM.TOTL.ZS,6.363,Unemployment_pct,Europe
United Kingdom,GBR,2015,SL.UEM.TOTL.ZS,5.517,Unemployment_pct,Europe
United Kingdom,GBR,2016,SL.UEM.TOTL.ZS,4.867,Unemployment_pct,Europe
United Kingdom,GBR,2017,SL.UEM.TOTL.ZS,4.452,Unemployment_pct,Europe
United Kingdom,GBR,2018,SL.UEM.TOTL.ZS,4.12,Unemployment_pct,Europe
United Kingdom,GBR,2019,SL.UEM.TOTL.ZS,3.613,Unemployment_pct,Europe
United Kingdom,GBR,2020,SL.UEM.TOTL.ZS,4.472,Unemployment_pct,Europe
United Kingdom,GBR,2021,SL.UEM.TOTL.ZS,4.826,Unemployment_pct,Europe
United Kingdom,GBR,2022,SL.UEM.TOTL.ZS,3.73,Unemployment_pct,Europe
United Kingdom,GBR,2023,SL.UEM.TOTL.ZS,3.984,Unemployment_pct,Europe
United Kingdom,GBR,2024,SL.UEM.TOTL.ZS,4.111,Unemployment_pct,Europe
Ghana,GHA,2000,FP.CPI.TOTL.ZG,40.240933123914,Inflation_pct,Afrique
Ghana,GHA,2001,FP.CPI.TOTL.ZG,41.509496287803,Inflation_pct,Afrique
Ghana,GHA,2002,FP.CPI.TOTL.ZG,9.36093239560313,Inflation_pct,Afrique
Ghana,GHA,2003,FP.CPI.TOTL.ZG,29.7729797160384,Inflation_pct,Afrique
Ghana,GHA,2004,FP.CPI.TOTL.ZG,18.0427388232565,Inflation_pct,Afrique
Ghana,GHA,2005,FP.CPI.TOTL.ZG,15.4389920155908,Inflation_pct,Afrique
Ghana,GHA,2006,FP.CPI.TOTL.ZG,11.6791839392492,Inflation_pct,Afrique
Ghana,GHA,2007,FP.CPI.TOTL.ZG,10.7342665456292,Inflation_pct,Afrique
Ghana,GHA,2008,FP.CPI.TOTL.ZG,16.494639613412,Inflation_pct,Afrique
Ghana,GHA,2009,FP.CPI.TOTL.ZG,19.2469482220857,Inflation_pct,Afrique
Ghana,GHA,2010,FP.CPI.TOTL.ZG,10.7333898354915,Inflation_pct,Afrique
Ghana,GHA,2011,FP.CPI.TOTL.ZG,8.7284593709302,Inflation_pct,Afrique
Ghana,GHA,2012,FP.CPI.TOTL.ZG,11.1863409441067,Inflation_pct,Afrique
Ghana,GHA,2013,FP.CPI.TOTL.ZG,11.6661923071729,Inflation_pct,Afrique
Ghana,GHA,2014,FP.CPI.TOTL.ZG,15.4896160333318,Inflation_pct,Afrique
Ghana,GHA,2015,FP.CPI.TOTL.ZG,17.1499695007878,Inflation_pct,Afrique
Ghana,GHA,2016,FP.CPI.TOTL.ZG,17.4546347070868,Inflation_pct,Afrique
Ghana,GHA,2017,FP.CPI.TOTL.ZG,12.3719215507048,Inflation_pct,Afrique
Ghana,GHA,2018,FP.CPI.TOTL.ZG,7.80876516610703,Inflation_pct,Afrique
Ghana,GHA,2019,FP.CPI.TOTL.ZG,7.14364003330857,Inflation_pct,Afrique
Ghana,GHA,2020,FP.CPI.TOTL.ZG,9.88728956269944,Inflation_pct,Afrique
Ghana,GHA,2021,FP.CPI.TOTL.ZG,9.9710886750444,Inflation_pct,Afrique
Ghana,GHA,2022,FP.CPI.TOTL.ZG,31.2558951049016,Inflation_pct,Afrique
Ghana,GHA,2023,FP.CPI.TOTL.ZG,38.1069656296501,Inflation_pct,Afrique
Ghana,GHA,2024,FP.CPI.TOTL.ZG,22.8483281157842,Inflation_pct,Afrique
Ghana,GHA,2000,GC.DOD.TOTL.GD.ZS,,Public_debt_pct_GDP,Afrique
Ghana,GHA,2001,GC.DOD.TOTL.GD.ZS,,Public_debt_pct_GDP,Afrique
Ghana,GHA,2002,GC.DOD.TOTL.GD.ZS,,Public_debt_pct_GDP,Afrique
Ghana,GHA,2003,GC.DOD.TOTL.GD.ZS,,Public_debt_pct_GDP,Afrique
Ghana,GHA,2004,GC.DOD.TOTL.GD.ZS,,Public_debt_pct_GDP,Afrique
Ghana,GHA,2005,GC.DOD.TOTL.GD.ZS,,Public_debt_pct_GDP,Afrique
Ghana,GHA,2006,GC.DOD.TOTL.GD.ZS,,Public_debt_pct_GDP,Afrique
Ghana,GHA,2007,GC.DOD.TOTL.GD.ZS,,Public_debt_pct_GDP,Afrique
Ghana,GHA,2008,GC.DOD.TOTL.GD.ZS,,Public_debt_pct_GDP,Afrique
Ghana,GHA,2009,GC.DOD.TOTL.GD.ZS,,Public_debt_pct_GDP,Afrique
Ghana,GHA,2010,GC.DOD.TOTL.GD.ZS,,Public_debt_pct_GDP,Afrique
Ghana,GHA,2011,GC.DOD.TOTL.GD.ZS,,Public_debt_pct_GDP,Afrique
Ghana,GHA,2012,GC.DOD.TOTL.GD.ZS,,Public_debt_pct_GDP,Afrique
Ghana,GHA,2013,GC.DOD.TOTL.GD.ZS,,Public_debt_pct_GDP,Afrique
Ghana,GHA,2014,GC.DOD.TOTL.GD.ZS,,Public_debt_pct_GDP,Afrique
Ghana,GHA,2015,GC.DOD.TOTL.GD.ZS,,Public_debt_pct_GDP,Afrique
Ghana,GHA,2016,GC.DOD.TOTL.GD.ZS,,Public_debt_pct_GDP,Afrique
Ghana,GHA,2017,GC.DOD.TOTL.GD.ZS,,Public_debt_pct_GDP,Afrique
Ghana,GHA,2018,GC.DOD.TOTL.GD.ZS,,Public_debt_pct_GDP,Afrique
Ghana,GHA,2019,GC.DOD.TOTL.GD.ZS,,Public_debt_pct_GDP,Afrique
Ghana,GHA,2020,GC.DOD.TOTL.GD.ZS,,Public_debt_pct_GDP,Afrique
Ghana,GHA,2021,GC.DOD.TOTL.GD.ZS,,Public_debt_pct_GDP,Afrique
Ghana,GHA,2022,GC.DOD.TOTL.GD.ZS,,Public_debt_pct_GDP,Afrique
Ghana,GHA,2023,GC.DOD.TOTL.GD.ZS,,Public_debt_pct_GDP,Afrique
Ghana,GHA,2024,GC.DOD.TOTL.GD.ZS,,Public_debt_pct_GDP,Afrique
Ghana,GHA,2000,NY.GDP.MKTP.CD,4982850662.20851,GDP_USD,Afrique
Ghana,GHA,2001,NY.GDP.MKTP.CD,5314872854.4405,GDP_USD,Afrique
Ghana,GHA,2002,NY.GDP.MKTP.CD,6166197847.85031,GDP_USD,Afrique
Ghana,GHA,2003,NY.GDP.MKTP.CD,7632723555.66221,GDP_USD,Afrique
Ghana,GHA,2004,NY.GDP.MKTP.CD,8881417906.71432,GDP_USD,Afrique
Ghana,GHA,2005,NY.GDP.MKTP.CD,10744568381.4456,GDP_USD,Afrique
Ghana,GHA,2006,NY.GDP.MKTP.CD,20885037596.6963,GDP_USD,Afrique
Ghana,GHA,2007,NY.GDP.MKTP.CD,24827339138.4906,GDP_USD,Afrique
Ghana,GHA,2008,NY.GDP.MKTP.CD,28679383241.0729,GDP_USD,Afrique
Ghana,GHA,2009,NY.GDP.MKTP.CD,26048720005.5233,GDP_USD,Afrique
Ghana,GHA,2010,NY.GDP.MKTP.CD,32197655566.5347,GDP_USD,Afrique
Ghana,GHA,2011,NY.GDP.MKTP.CD,39336668080.559,GDP_USD,Afrique
Ghana,GHA,2012,NY.GDP.MKTP.CD,41271701060.954,GDP_USD,Afrique
Ghana,GHA,2013,NY.GDP.MKTP.CD,62845721959.827,GDP_USD,Afrique
Ghana,GHA,2014,NY.GDP.MKTP.CD,54678533805.9064,GDP_USD,Afrique
Ghana,GHA,2015,NY.GDP.MKTP.CD,49436806230.4839,GDP_USD,Afrique
Ghana,GHA,2016,NY.GDP.MKTP.CD,56144179397.8516,GDP_USD,Afrique
Ghana,GHA,2017,NY.GDP.MKTP.CD,60385409434.8567,GDP_USD,Afrique
Ghana,GHA,2018,NY.GDP.MKTP.CD,67259353965.6087,GDP_USD,Afrique
Ghana,GHA,2019,NY.GDP.MKTP.CD,68352629246.1555,GDP_USD,Afrique
Ghana,GHA,2020,NY.GDP.MKTP.CD,70008243859.8666,GDP_USD,Afrique
Ghana,GHA,2021,NY.GDP.MKTP.CD,79514204730.3979,GDP_USD,Afrique
Ghana,GHA,2022,NY.GDP.MKTP.CD,73919003209.9866,GDP_USD,Afrique
Ghana,GHA,2023,NY.GDP.MKTP.CD,80547146878.3843,GDP_USD,Afrique
Ghana,GHA,2024,NY.GDP.MKTP.CD,82308110386.4641,GDP_USD,Afrique
Ghana,GHA,2000,NY.GDP.MKTP.KD.ZG,3.70000008164408,GDP_Growth_pct,Afrique
Ghana,GHA,2001,NY.GDP.MKTP.KD.ZG,4.00000012807919,GDP_Growth_pct,Afrique
Ghana,GHA,2002,NY.GDP.MKTP.KD.ZG,4.49999955900331,GDP_Growth_pct,Afrique
Ghana,GHA,2003,NY.GDP.MKTP.KD.ZG,5.200000133101,GDP_Growth_pct,Afrique
Ghana,GHA,2004,NY.GDP.MKTP.KD.ZG,5.59999999077445,GDP_Growth_pct,Afrique
Ghana,GHA,2005,NY.GDP.MKTP.KD.ZG,5.90000381855104,GDP_Growth_pct,Afrique
Ghana,GHA,2006,NY.GDP.MKTP.KD.ZG,6.39991260618034,GDP_Growth_pct,Afrique
Ghana,GHA,2007,NY.GDP.MKTP.KD.ZG,4.34681910440079,GDP_Growth_pct,Afrique
Ghana,GHA,2008,NY.GDP.MKTP.KD.ZG,9.14979893831817,GDP_Growth_pct,Afrique
Ghana,GHA,2009,NY.GDP.MKTP.KD.ZG,4.84448705175076,GDP_Growth_pct,Afrique
Ghana,GHA,2010,NY.GDP.MKTP.KD.ZG,7.89971194051621,GDP_Growth_pct,Afrique
Ghana,GHA,2011,NY.GDP.MKTP.KD.ZG,14.0471235803149,GDP_Growth_pct,Afrique
Ghana,GHA,2012,NY.GDP.MKTP.KD.ZG,9.2927894063005,GDP_Growth_pct,Afrique
Ghana,GHA,2013,NY.GDP.MKTP.KD.ZG,7.31252501678145,GDP_Growth_pct,Afrique
Ghana,GHA,2014,NY.GDP.MKTP.KD.ZG,2.85624016330883,GDP_Growth_pct,Afrique
Ghana,GHA,2015,NY.GDP.MKTP.KD.ZG,2.12075933817334,GDP_Growth_pct,Afrique
Ghana,GHA,2016,NY.GDP.MKTP.KD.ZG,3.37346574966936,GDP_Growth_pct,Afrique
Ghana,GHA,2017,NY.GDP.MKTP.KD.ZG,8.12889488100956,GDP_Growth_pct,Afrique
Ghana,GHA,2018,NY.GDP.MKTP.KD.ZG,6.20007768127284,GDP_Growth_pct,Afrique
Ghana,GHA,2019,NY.GDP.MKTP.KD.ZG,6.5077747939152,GDP_Growth_pct,Afrique
Ghana,GHA,2020,NY.GDP.MKTP.KD.ZG,0.513941670628171,GDP_Growth_pct,Afrique
Ghana,GHA,2021,NY.GDP.MKTP.KD.ZG,5.07646643533542,GDP_Growth_pct,Afrique
Ghana,GHA,2022,NY.GDP.MKTP.KD.ZG,3.80484980952164,GDP_Growth_pct,Afrique
Ghana,GHA,2023,NY.GDP.MKTP.KD.ZG,3.14009099763754,GDP_Growth_pct,Afrique
Ghana,GHA,2024,NY.GDP.MKTP.KD.ZG,5.59045469593266,GDP_Growth_pct,Afrique
Ghana,GHA,2000,NY.GDP.PCAP.CD,253.746936203344,GDP_per_capita_USD,Afrique
Ghana,GHA,2001,NY.GDP.PCAP.CD,263.542156494853,GDP_per_capita_USD,Afrique
Ghana,GHA,2002,NY.GDP.PCAP.CD,297.46164468774,GDP_per_capita_USD,Afrique
Ghana,GHA,2003,NY.GDP.PCAP.CD,358.39927142073,GDP_per_capita_USD,Afrique
Ghana,GHA,2004,NY.GDP.PCAP.CD,406.132105329565,GDP_per_capita_USD,Afrique
Ghana,GHA,2005,NY.GDP.PCAP.CD,478.611909191028,GDP_per_capita_USD,Afrique
Ghana,GHA,2006,NY.GDP.PCAP.CD,906.441027564887,GDP_per_capita_USD,Afrique
Ghana,GHA,2007,NY.GDP.PCAP.CD,1050.12461524926,GDP_per_capita_USD,Afrique
Ghana,GHA,2008,NY.GDP.PCAP.CD,1182.65761256016,GDP_per_capita_USD,Afrique
Ghana,GHA,2009,NY.GDP.PCAP.CD,1047.70430093586,GDP_per_capita_USD,Afrique
Ghana,GHA,2010,NY.GDP.PCAP.CD,1263.89251760539,GDP_per_capita_USD,Afrique
Ghana,GHA,2011,NY.GDP.PCAP.CD,1507.43573198753,GDP_per_capita_USD,Afrique
Ghana,GHA,2012,NY.GDP.PCAP.CD,1543.77524235764,GDP_per_capita_USD,Afrique
Ghana,GHA,2013,NY.GDP.PCAP.CD,2294.79584693743,GDP_per_capita_USD,Afrique
Ghana,GHA,2014,NY.GDP.PCAP.CD,1949.90832923846,GDP_per_capita_USD,Afrique
Ghana,GHA,2015,NY.GDP.PCAP.CD,1722.77282833606,GDP_per_capita_USD,Afrique
Ghana,GHA,2016,NY.GDP.PCAP.CD,1912.47991339951,GDP_per_capita_USD,Afrique
Ghana,GHA,2017,NY.GDP.PCAP.CD,2012.28662641265,GDP_per_capita_USD,Afrique
Ghana,GHA,2018,NY.GDP.PCAP.CD,2195.32166016377,GDP_per_capita_USD,Afrique
Ghana,GHA,2019,NY.GDP.PCAP.CD,2186.65822682613,GDP_per_capita_USD,Afrique
Ghana,GHA,2020,NY.GDP.PCAP.CD,2195.45481659987,GDP_per_capita_USD,Afrique
Ghana,GHA,2021,NY.GDP.PCAP.CD,2445.18662529344,GDP_per_capita_USD,Afrique
Ghana,GHA,2022,NY.GDP.PCAP.CD,2229.89122647803,GDP_per_capita_USD,Afrique
Ghana,GHA,2023,NY.GDP.PCAP.CD,2383.90410483418,GDP_per_capita_USD,Afrique
Ghana,GHA,2024,NY.GDP.PCAP.CD,2390.77237652715,GDP_per_capita_USD,Afrique
Ghana,GHA,2000,SL.UEM.TOTL.ZS,10.456,Unemployment_pct,Afrique
Ghana,GHA,2001,SL.UEM.TOTL.ZS,9.602,Unemployment_pct,Afrique
Ghana,GHA,2002,SL.UEM.TOTL.ZS,8.695,Unemployment_pct,Afrique
Ghana,GHA,2003,SL.UEM.TOTL.ZS,7.72,Unemployment_pct,Afrique
Ghana,GHA,2004,SL.UEM.TOTL.ZS,6.756,Unemployment_pct,Afrique
Ghana,GHA,2005,SL.UEM.TOTL.ZS,5.816,Unemployment_pct,Afrique
Ghana,GHA,2006,SL.UEM.TOTL.ZS,4.897,Unemployment_pct,Afrique
Ghana,GHA,2007,SL.UEM.TOTL.ZS,5.092,Unemployment_pct,Afrique
Ghana,GHA,2008,SL.UEM.TOTL.ZS,5.144,Unemployment_pct,Afrique
Ghana,GHA,2009,SL.UEM.TOTL.ZS,5.348,Unemployment_pct,Afrique
Ghana,GHA,2010,SL.UEM.TOTL.ZS,5.384,Unemployment_pct,Afrique
Ghana,GHA,2011,SL.UEM.TOTL.ZS,4.227,Unemployment_pct,Afrique
Ghana,GHA,2012,SL.UEM.TOTL.ZS,3.141,Unemployment_pct,Afrique
Ghana,GHA,2013,SL.UEM.TOTL.ZS,2.173,Unemployment_pct,Afrique
Ghana,GHA,2014,SL.UEM.TOTL.ZS,4.415,Unemployment_pct,Afrique
Ghana,GHA,2015,SL.UEM.TOTL.ZS,6.806,Unemployment_pct,Afrique
Ghana,GHA,2016,SL.UEM.TOTL.ZS,5.232,Unemployment_pct,Afrique
Ghana,GHA,2017,SL.UEM.TOTL.ZS,3.369,Unemployment_pct,Afrique
Ghana,GHA,2018,SL.UEM.TOTL.ZS,3.253,Unemployment_pct,Afrique
Ghana,GHA,2019,SL.UEM.TOTL.ZS,3.16,Unemployment_pct,Afrique
Ghana,GHA,2020,SL.UEM.TOTL.ZS,3.313,Unemployment_pct,Afrique
Ghana,GHA,2021,SL.UEM.TOTL.ZS,3.384,Unemployment_pct,Afrique
Ghana,GHA,2022,SL.UEM.TOTL.ZS,3.084,Unemployment_pct,Afrique
Ghana,GHA,2023,SL.UEM.TOTL.ZS,3.063,Unemployment_pct,Afrique
Ghana,GHA,2024,SL.UEM.TOTL.ZS,3.007,Unemployment_pct,Afrique
Italy,ITA,2000,FP.CPI.TOTL.ZG,2.53768532095002,Inflation_pct,Europe
Italy,ITA,2001,FP.CPI.TOTL.ZG,2.78516542713554,Inflation_pct,Europe
Italy,ITA,2002,FP.CPI.TOTL.ZG,2.46532319171165,Inflation_pct,Europe
Italy,ITA,2003,FP.CPI.TOTL.ZG,2.6725555277285,Inflation_pct,Europe
Italy,ITA,2004,FP.CPI.TOTL.ZG,2.20673661423657,Inflation_pct,Europe
Italy,ITA,2005,FP.CPI.TOTL.ZG,1.9852929852798,Inflation_pct,Europe
Italy,ITA,2006,FP.CPI.TOTL.ZG,2.09084391012754,Inflation_pct,Europe
Italy,ITA,2007,FP.CPI.TOTL.ZG,1.82974112202403,Inflation_pct,Europe
Italy,ITA,2008,FP.CPI.TOTL.ZG,3.34783258401022,Inflation_pct,Europe
Italy,ITA,2009,FP.CPI.TOTL.ZG,0.774768131387381,Inflation_pct,Europe
Italy,ITA,2010,FP.CPI.TOTL.ZG,1.52551602118248,Inflation_pct,Europe
Italy,ITA,2011,FP.CPI.TOTL.ZG,2.78063272879323,Inflation_pct,Europe
Italy,ITA,2012,FP.CPI.TOTL.ZG,3.04136333226775,Inflation_pct,Europe
Italy,ITA,2013,FP.CPI.TOTL.ZG,1.21999342274306,Inflation_pct,Europe
Italy,ITA,2014,FP.CPI.TOTL.ZG,0.241047429826756,Inflation_pct,Europe
Italy,ITA,2015,FP.CPI.TOTL.ZG,0.0387903996579733,Inflation_pct,Europe
Italy,ITA,2016,FP.CPI.TOTL.ZG,-0.09401665691575,Inflation_pct,Europe
Italy,ITA,2017,FP.CPI.TOTL.ZG,1.22653316645812,Inflation_pct,Europe
Italy,ITA,2018,FP.CPI.TOTL.ZG,1.13748763600391,Inflation_pct,Europe
Italy,ITA,2019,FP.CPI.TOTL.ZG,0.611246943765304,Inflation_pct,Europe
Italy,ITA,2020,FP.CPI.TOTL.ZG,-0.13770757391651,Inflation_pct,Europe
Italy,ITA,2021,FP.CPI.TOTL.ZG,1.87378325762481,Inflation_pct,Europe
Italy,ITA,2022,FP.CPI.TOTL.ZG,8.20128991161718,Inflation_pct,Europe
Italy,ITA,2023,FP.CPI.TOTL.ZG,5.62219442195901,Inflation_pct,Europe
Italy,ITA,2024,FP.CPI.TOTL.ZG,0.982373023061417,Inflation_pct,Europe
Italy,ITA,2000,GC.DOD.TOTL.GD.ZS,,Public_debt_pct_GDP,Europe
Italy,ITA,2001,GC.DOD.TOTL.GD.ZS,,Public_debt_pct_GDP,Europe
Italy,ITA,2002,GC.DOD.TOTL.GD.ZS,,Public_debt_pct_GDP,Europe
Italy,ITA,2003,GC.DOD.TOTL.GD.ZS,,Public_debt_pct_GDP,Europe
Italy,ITA,2004,GC.DOD.TOTL.GD.ZS,,Public_debt_pct_GDP,Europe
Italy,ITA,2005,GC.DOD.TOTL.GD.ZS,,Public_debt_pct_GDP,Europe
Italy,ITA,2006,GC.DOD.TOTL.GD.ZS,,Public_debt_pct_GDP,Europe
Italy,ITA,2007,GC.DOD.TOTL.GD.ZS,,Public_debt_pct_GDP,Europe
Italy,ITA,2008,GC.DOD.TOTL.GD.ZS,,Public_debt_pct_GDP,Europe
Italy,ITA,2009,GC.DOD.TOTL.GD.ZS,,Public_debt_pct_GDP,Europe
Italy,ITA,2010,GC.DOD.TOTL.GD.ZS,,Public_debt_pct_GDP,Europe
Italy,ITA,2011,GC.DOD.TOTL.GD.ZS,,Public_debt_pct_GDP,Europe
Italy,ITA,2012,GC.DOD.TOTL.GD.ZS,,Public_debt_pct_GDP,Europe
Italy,ITA,2013,GC.DOD.TOTL.GD.ZS,,Public_debt_pct_GDP,Europe
Italy,ITA,2014,GC.DOD.TOTL.GD.ZS,,Public_debt_pct_GDP,Europe
Italy,ITA,2015,GC.DOD.TOTL.GD.ZS,,Public_debt_pct_GDP,Europe
Italy,ITA,2016,GC.DOD.TOTL.GD.ZS,,Public_debt_pct_GDP,Europe
Italy,ITA,2017,GC.DOD.TOTL.GD.ZS,,Public_debt_pct_GDP,Europe
Italy,ITA,2018,GC.DOD.TOTL.GD.ZS,,Public_debt_pct_GDP,Europe
Italy,ITA,2019,GC.DOD.TOTL.GD.ZS,,Public_debt_pct_GDP,Europe
Italy,ITA,2020,GC.DOD.TOTL.GD.ZS,,Public_debt_pct_GDP,Europe
Italy,ITA,2021,GC.DOD.TOTL.GD.ZS,,Public_debt_pct_GDP,Europe
Italy,ITA,2022,GC.DOD.TOTL.GD.ZS,,Public_debt_pct_GDP,Europe
Italy,ITA,2023,GC.DOD.TOTL.GD.ZS,,Public_debt_pct_GDP,Europe
Italy,ITA,2024,GC.DOD.TOTL.GD.ZS,,Public_debt_pct_GDP,Europe
Italy,ITA,2000,NY.GDP.MKTP.CD,1149661363439.38,GDP_USD,Europe
Italy,ITA,2001,NY.GDP.MKTP.CD,1172041488805.87,GDP_USD,Europe
Italy,ITA,2002,NY.GDP.MKTP.CD,1281746271196.04,GDP_USD,Europe
Italy,ITA,2003,NY.GDP.MKTP.CD,1582930016538.82,GDP_USD,Europe
Italy,ITA,2004,NY.GDP.MKTP.CD,1812808753294.75,GDP_USD,Europe
Italy,ITA,2005,NY.GDP.MKTP.CD,1864982261286.85,GDP_USD,Europe
Italy,ITA,2006,NY.GDP.MKTP.CD,1958563654385.64,GDP_USD,Europe
Italy,ITA,2007,NY.GDP.MKTP.CD,2222524108127.65,GDP_USD,Europe
Italy,ITA,2008,NY.GDP.MKTP.CD,2417508414187.19,GDP_USD,Europe
Italy,ITA,2009,NY.GDP.MKTP.CD,2209484319012.65,GDP_USD,Europe
Italy,ITA,2010,NY.GDP.MKTP.CD,2144936254535.0,GDP_USD,Europe
Italy,ITA,2011,NY.GDP.MKTP.CD,2306974020278.21,GDP_USD,Europe
Italy,ITA,2012,NY.GDP.MKTP.CD,2097929495121.68,GDP_USD,Europe
Italy,ITA,2013,NY.GDP.MKTP.CD,2153225581941.46,GDP_USD,Europe
Italy,ITA,2014,NY.GDP.MKTP.CD,2173255507985.84,GDP_USD,Europe
Italy,ITA,2015,NY.GDP.MKTP.CD,1845428048839.1,GDP_USD,Europe
Italy,ITA,2016,NY.GDP.MKTP.CD,1887111188176.93,GDP_USD,Europe
Italy,ITA,2017,NY.GDP.MKTP.CD,1970720904584.71,GDP_USD,Europe
Italy,ITA,2018,NY.GDP.MKTP.CD,2099435266458.67,GDP_USD,Europe
Italy,ITA,2019,NY.GDP.MKTP.CD,2019606796583.53,GDP_USD,Europe
Italy,ITA,2020,NY.GDP.MKTP.CD,1907481094079.23,GDP_USD,Europe
Italy,ITA,2021,NY.GDP.MKTP.CD,2179207773596.09,GDP_USD,Europe
Italy,ITA,2022,NY.GDP.MKTP.CD,2104067630319.46,GDP_USD,Europe
Italy,ITA,2023,NY.GDP.MKTP.CD,2316727999333.18,GDP_USD,Europe
Italy,ITA,2024,NY.GDP.MKTP.CD,2380825077243.59,GDP_USD,Europe
Italy,ITA,2000,NY.GDP.MKTP.KD.ZG,3.88209885062652,GDP_Growth_pct,Europe
Italy,ITA,2001,NY.GDP.MKTP.KD.ZG,2.00643329837733,GDP_Growth_pct,Europe
Italy,ITA,2002,NY.GDP.MKTP.KD.ZG,0.26992966378873,GDP_Growth_pct,Europe
Italy,ITA,2003,NY.GDP.MKTP.KD.ZG,0.0665538088732092,GDP_Growth_pct,Europe
Italy,ITA,2004,NY.GDP.MKTP.KD.ZG,1.4740217064723,GDP_Growth_pct,Europe
Italy,ITA,2005,NY.GDP.MKTP.KD.ZG,0.762410677306491,GDP_Growth_pct,Europe
Italy,ITA,2006,NY.GDP.MKTP.KD.ZG,1.79947992234244,GDP_Growth_pct,Europe
Italy,ITA,2007,NY.GDP.MKTP.KD.ZG,1.46229205289291,GDP_Growth_pct,Europe
Italy,ITA,2008,NY.GDP.MKTP.KD.ZG,-1.02313851177097,GDP_Growth_pct,Europe
Italy,ITA,2009,NY.GDP.MKTP.KD.ZG,-5.30515401233991,GDP_Growth_pct,Europe
Italy,ITA,2010,NY.GDP.MKTP.KD.ZG,1.52910573247101,GDP_Growth_pct,Europe
Italy,ITA,2011,NY.GDP.MKTP.KD.ZG,0.695463154440176,GDP_Growth_pct,Europe
Italy,ITA,2012,NY.GDP.MKTP.KD.ZG,-3.12523877282996,GDP_Growth_pct,Europe
Italy,ITA,2013,NY.GDP.MKTP.KD.ZG,-1.81802510749792,GDP_Growth_pct,Europe
Italy,ITA,2014,NY.GDP.MKTP.KD.ZG,-0.00138761730454462,GDP_Growth_pct,Europe
Italy,ITA,2015,NY.GDP.MKTP.KD.ZG,0.885667635240807,GDP_Growth_pct,Europe
Italy,ITA,2016,NY.GDP.MKTP.KD.ZG,1.23622108511661,GDP_Growth_pct,Europe
Italy,ITA,2017,NY.GDP.MKTP.KD.ZG,1.60369995294101,GDP_Growth_pct,Europe
Italy,ITA,2018,NY.GDP.MKTP.KD.ZG,0.826646712344115,GDP_Growth_pct,Europe
Italy,ITA,2019,NY.GDP.MKTP.KD.ZG,0.429162533780342,GDP_Growth_pct,Europe
Italy,ITA,2020,NY.GDP.MKTP.KD.ZG,-8.86822122185345,GDP_Growth_pct,Europe
Italy,ITA,2021,NY.GDP.MKTP.KD.ZG,8.93106210800055,GDP_Growth_pct,Europe
Italy,ITA,2022,NY.GDP.MKTP.KD.ZG,4.82117669913565,GDP_Growth_pct,Europe
Italy,ITA,2023,NY.GDP.MKTP.KD.ZG,0.975694840127005,GDP_Growth_pct,Europe
Italy,ITA,2024,NY.GDP.MKTP.KD.ZG,0.692676948440536,GDP_Growth_pct,Europe
Italy,ITA,2000,NY.GDP.PCAP.CD,20190.0035636084,GDP_per_capita_USD,Europe
Italy,ITA,2001,NY.GDP.PCAP.CD,20570.4385917862,GDP_per_capita_USD,Europe
Italy,ITA,2002,NY.GDP.PCAP.CD,22451.3964379368,GDP_per_capita_USD,Europe
Italy,ITA,2003,NY.GDP.PCAP.CD,27577.5700319855,GDP_per_capita_USD,Europe
Italy,ITA,2004,NY.GDP.PCAP.CD,31348.1901841445,GDP_per_capita_USD,Europe
Italy,ITA,2005,NY.GDP.PCAP.CD,32062.723833669,GDP_per_capita_USD,Europe
Italy,ITA,2006,NY.GDP.PCAP.CD,33537.1286994269,GDP_per_capita_USD,Europe
Italy,ITA,2007,NY.GDP.PCAP.CD,37826.1754554823,GDP_per_capita_USD,Europe
Italy,ITA,2008,NY.GDP.PCAP.CD,40828.5795580937,GDP_per_capita_USD,Europe
Italy,ITA,2009,NY.GDP.PCAP.CD,37099.6133958219,GDP_per_capita_USD,Europe
Italy,ITA,2010,NY.GDP.PCAP.CD,35856.8625485539,GDP_per_capita_USD,Europe
Italy,ITA,2011,NY.GDP.PCAP.CD,38432.3742820019,GDP_per_capita_USD,Europe
Italy,ITA,2012,NY.GDP.PCAP.CD,34854.3949441965,GDP_per_capita_USD,Europe
Italy,ITA,2013,NY.GDP.PCAP.CD,35701.6746002376,GDP_per_capita_USD,Europe
Italy,ITA,2014,NY.GDP.PCAP.CD,36028.3494022349,GDP_per_capita_USD,Europe
Italy,ITA,2015,NY.GDP.PCAP.CD,30639.8829751432,GDP_per_capita_USD,Europe
Italy,ITA,2016,NY.GDP.PCAP.CD,31391.5692898108,GDP_per_capita_USD,Europe
Italy,ITA,2017,NY.GDP.PCAP.CD,32844.115660604,GDP_per_capita_USD,Europe
Italy,ITA,2018,NY.GDP.PCAP.CD,34904.1081923834,GDP_per_capita_USD,Europe
Italy,ITA,2019,NY.GDP.PCAP.CD,33812.788724868,GDP_per_capita_USD,Europe
Italy,ITA,2020,NY.GDP.PCAP.CD,32091.4866621366,GDP_per_capita_USD,Europe
Italy,ITA,2021,NY.GDP.PCAP.CD,36852.5425414951,GDP_per_capita_USD,Europe
Italy,ITA,2022,NY.GDP.PCAP.CD,35653.9042103495,GDP_per_capita_USD,Europe
Italy,ITA,2023,NY.GDP.PCAP.CD,39277.0838783918,GDP_per_capita_USD,Europe
Italy,ITA,2024,NY.GDP.PCAP.CD,40385.3413957669,GDP_per_capita_USD,Europe
Italy,ITA,2000,SL.UEM.TOTL.ZS,10.834,Unemployment_pct,Europe
Italy,ITA,2001,SL.UEM.TOTL.ZS,9.599,Unemployment_pct,Europe
Italy,ITA,2002,SL.UEM.TOTL.ZS,9.211,Unemployment_pct,Europe
Italy,ITA,2003,SL.UEM.TOTL.ZS,8.869,Unemployment_pct,Europe
Italy,ITA,2004,SL.UEM.TOTL.ZS,7.866,Unemployment_pct,Europe
Italy,ITA,2005,SL.UEM.TOTL.ZS,7.73,Unemployment_pct,Europe
Italy,ITA,2006,SL.UEM.TOTL.ZS,6.777,Unemployment_pct,Europe
Italy,ITA,2007,SL.UEM.TOTL.ZS,6.076,Unemployment_pct,Europe
Italy,ITA,2008,SL.UEM.TOTL.ZS,6.723,Unemployment_pct,Europe
Italy,ITA,2009,SL.UEM.TOTL.ZS,7.749,Unemployment_pct,Europe
Italy,ITA,2010,SL.UEM.TOTL.ZS,8.363,Unemployment_pct,Europe
Italy,ITA,2011,SL.UEM.TOTL.ZS,8.359,Unemployment_pct,Europe
Italy,ITA,2012,SL.UEM.TOTL.ZS,10.655,Unemployment_pct,Europe
Italy,ITA,2013,SL.UEM.TOTL.ZS,12.149,Unemployment_pct,Europe
Italy,ITA,2014,SL.UEM.TOTL.ZS,12.683,Unemployment_pct,Europe
Italy,ITA,2015,SL.UEM.TOTL.ZS,11.896,Unemployment_pct,Europe
Italy,ITA,2016,SL.UEM.TOTL.ZS,11.688,Unemployment_pct,Europe
Italy,ITA,2017,SL.UEM.TOTL.ZS,11.211,Unemployment_pct,Europe
Italy,ITA,2018,SL.UEM.TOTL.ZS,10.61,Unemployment_pct,Europe
Italy,ITA,2019,SL.UEM.TOTL.ZS,9.951,Unemployment_pct,Europe
Italy,ITA,2020,SL.UEM.TOTL.ZS,9.164,Unemployment_pct,Europe
Italy,ITA,2021,SL.UEM.TOTL.ZS,9.497,Unemployment_pct,Europe
Italy,ITA,2022,SL.UEM.TOTL.ZS,8.069,Unemployment_pct,Europe
Italy,ITA,2023,SL.UEM.TOTL.ZS,7.627,Unemployment_pct,Europe
Italy,ITA,2024,SL.UEM.TOTL.ZS,6.778,Unemployment_pct,Europe
Kenya,KEN,2000,FP.CPI.TOTL.ZG,9.98002515350979,Inflation_pct,Afrique
Kenya,KEN,2001,FP.CPI.TOTL.ZG,5.73859814341467,Inflation_pct,Afrique
Kenya,KEN,2002,FP.CPI.TOTL.ZG,1.96130821739162,Inflation_pct,Afrique
Kenya,KEN,2003,FP.CPI.TOTL.ZG,9.81569062979654,Inflation_pct,Afrique
Kenya,KEN,2004,FP.CPI.TOTL.ZG,11.6240355442426,Inflation_pct,Afrique
Kenya,KEN,2005,FP.CPI.TOTL.ZG,10.3127783574683,Inflation_pct,Afrique
Kenya,KEN,2006,FP.CPI.TOTL.ZG,14.4537342081708,Inflation_pct,Afrique
Kenya,KEN,2007,FP.CPI.TOTL.ZG,9.75888023027529,Inflation_pct,Afrique
Kenya,KEN,2008,FP.CPI.TOTL.ZG,26.2398166445063,Inflation_pct,Afrique
Kenya,KEN,2009,FP.CPI.TOTL.ZG,9.23412592394652,Inflation_pct,Afrique
Kenya,KEN,2010,FP.CPI.TOTL.ZG,3.96138889115385,Inflation_pct,Afrique
Kenya,KEN,2011,FP.CPI.TOTL.ZG,14.0224913014704,Inflation_pct,Afrique
Kenya,KEN,2012,FP.CPI.TOTL.ZG,9.37777003547598,Inflation_pct,Afrique
Kenya,KEN,2013,FP.CPI.TOTL.ZG,5.71749357037733,Inflation_pct,Afrique
Kenya,KEN,2014,FP.CPI.TOTL.ZG,6.87815499275949,Inflation_pct,Afrique
Kenya,KEN,2015,FP.CPI.TOTL.ZG,6.58215429284779,Inflation_pct,Afrique
Kenya,KEN,2016,FP.CPI.TOTL.ZG,6.29724953814625,Inflation_pct,Afrique
Kenya,KEN,2017,FP.CPI.TOTL.ZG,8.00564967709945,Inflation_pct,Afrique
Kenya,KEN,2018,FP.CPI.TOTL.ZG,4.6898064677633,Inflation_pct,Afrique
Kenya,KEN,2019,FP.CPI.TOTL.ZG,5.23963795764792,Inflation_pct,Afrique
Kenya,KEN,2020,FP.CPI.TOTL.ZG,5.40516207933392,Inflation_pct,Afrique
Kenya,KEN,2021,FP.CPI.TOTL.ZG,6.10793603659176,Inflation_pct,Afrique
Kenya,KEN,2022,FP.CPI.TOTL.ZG,7.65986268272224,Inflation_pct,Afrique
Kenya,KEN,2023,FP.CPI.TOTL.ZG,7.67139634029402,Inflation_pct,Afrique
Kenya,KEN,2024,FP.CPI.TOTL.ZG,4.48978854243448,Inflation_pct,Afrique
Kenya,KEN,2000,GC.DOD.TOTL.GD.ZS,,Public_debt_pct_GDP,Afrique
Kenya,KEN,2001,GC.DOD.TOTL.GD.ZS,,Public_debt_pct_GDP,Afrique
Kenya,KEN,2002,GC.DOD.TOTL.GD.ZS,,Public_debt_pct_GDP,Afrique
Kenya,KEN,2003,GC.DOD.TOTL.GD.ZS,,Public_debt_pct_GDP,Afrique
Kenya,KEN,2004,GC.DOD.TOTL.GD.ZS,,Public_debt_pct_GDP,Afrique
Kenya,KEN,2005,GC.DOD.TOTL.GD.ZS,,Public_debt_pct_GDP,Afrique
Kenya,KEN,2006,GC.DOD.TOTL.GD.ZS,,Public_debt_pct_GDP,Afrique
Kenya,KEN,2007,GC.DOD.TOTL.GD.ZS,,Public_debt_pct_GDP,Afrique
Kenya,KEN,2008,GC.DOD.TOTL.GD.ZS,,Public_debt_pct_GDP,Afrique
Kenya,KEN,2009,GC.DOD.TOTL.GD.ZS,,Public_debt_pct_GDP,Afrique
Kenya,KEN,2010,GC.DOD.TOTL.GD.ZS,,Public_debt_pct_GDP,Afrique
Kenya,KEN,2011,GC.DOD.TOTL.GD.ZS,,Public_debt_pct_GDP,Afrique
Kenya,KEN,2012,GC.DOD.TOTL.GD.ZS,,Public_debt_pct_GDP,Afrique
Kenya,KEN,2013,GC.DOD.TOTL.GD.ZS,,Public_debt_pct_GDP,Afrique
Kenya,KEN,2014,GC.DOD.TOTL.GD.ZS,,Public_debt_pct_GDP,Afrique
Kenya,KEN,2015,GC.DOD.TOTL.GD.ZS,,Public_debt_pct_GDP,Afrique
Kenya,KEN,2016,GC.DOD.TOTL.GD.ZS,,Public_debt_pct_GDP,Afrique
Kenya,KEN,2017,GC.DOD.TOTL.GD.ZS,,Public_debt_pct_GDP,Afrique
Kenya,KEN,2018,GC.DOD.TOTL.GD.ZS,,Public_debt_pct_GDP,Afrique
Kenya,KEN,2019,GC.DOD.TOTL.GD.ZS,,Public_debt_pct_GDP,Afrique
Kenya,KEN,2020,GC.DOD.TOTL.GD.ZS,,Public_debt_pct_GDP,Afrique
Kenya,KEN,2021,GC.DOD.TOTL.GD.ZS,,Public_debt_pct_GDP,Afrique
Kenya,KEN,2022,GC.DOD.TOTL.GD.ZS,,Public_debt_pct_GDP,Afrique
Kenya,KEN,2023,GC.DOD.TOTL.GD.ZS,,Public_debt_pct_GDP,Afrique
Kenya,KEN,2024,GC.DOD.TOTL.GD.ZS,,Public_debt_pct_GDP,Afrique
Kenya,KEN,2000,NY.GDP.MKTP.CD,12705350097.8044,GDP_USD,Afrique
Kenya,KEN,2001,NY.GDP.MKTP.CD,12986007425.8781,GDP_USD,Afrique
Kenya,KEN,2002,NY.GDP.MKTP.CD,13147736898.5176,GDP_USD,Afrique
Kenya,KEN,2003,NY.GDP.MKTP.CD,14904517649.8476,GDP_USD,Afrique
Kenya,KEN,2004,NY.GDP.MKTP.CD,16095337093.8366,GDP_USD,Afrique
Kenya,KEN,2005,NY.GDP.MKTP.CD,18737895512.7378,GDP_USD,Afrique
Kenya,KEN,2006,NY.GDP.MKTP.CD,25825512284.2891,GDP_USD,Afrique
Kenya,KEN,2007,NY.GDP.MKTP.CD,31958195182.2406,GDP_USD,Afrique
Kenya,KEN,2008,NY.GDP.MKTP.CD,35895153327.8497,GDP_USD,Afrique
Kenya,KEN,2009,NY.GDP.MKTP.CD,42347217912.9176,GDP_USD,Afrique
Kenya,KEN,2010,NY.GDP.MKTP.CD,45405615063.7551,GDP_USD,Afrique
Kenya,KEN,2011,NY.GDP.MKTP.CD,46869473150.61,GDP_USD,Afrique
Kenya,KEN,2012,NY.GDP.MKTP.CD,56396704671.5777,GDP_USD,Afrique
Kenya,KEN,2013,NY.GDP.MKTP.CD,61671440407.8387,GDP_USD,Afrique
Kenya,KEN,2014,NY.GDP.MKTP.CD,68285796514.2896,GDP_USD,Afrique
Kenya,KEN,2015,NY.GDP.MKTP.CD,70120446896.8359,GDP_USD,Afrique
Kenya,KEN,2016,NY.GDP.MKTP.CD,74815144163.8931,GDP_USD,Afrique
Kenya,KEN,2017,NY.GDP.MKTP.CD,82036510877.2599,GDP_USD,Afrique
Kenya,KEN,2018,NY.GDP.MKTP.CD,92202979985.2863,GDP_USD,Afrique
Kenya,KEN,2019,NY.GDP.MKTP.CD,100378436207.371,GDP_USD,Afrique
Kenya,KEN,2020,NY.GDP.MKTP.CD,100657505750.545,GDP_USD,Afrique
Kenya,KEN,2021,NY.GDP.MKTP.CD,109703658904.994,GDP_USD,Afrique
Kenya,KEN,2022,NY.GDP.MKTP.CD,114448978152.637,GDP_USD,Afrique
Kenya,KEN,2023,NY.GDP.MKTP.CD,107500884685.013,GDP_USD,Afrique
Kenya,KEN,2024,NY.GDP.MKTP.CD,120339557905.932,GDP_USD,Afrique
Kenya,KEN,2000,NY.GDP.MKTP.KD.ZG,0.599695390807426,GDP_Growth_pct,Afrique
Kenya,KEN,2001,NY.GDP.MKTP.KD.ZG,3.77990649795343,GDP_Growth_pct,Afrique
Kenya,KEN,2002,NY.GDP.MKTP.KD.ZG,0.546859530175595,GDP_Growth_pct,Afrique
Kenya,KEN,2003,NY.GDP.MKTP.KD.ZG,2.93247554570904,GDP_Growth_pct,Afrique
Kenya,KEN,2004,NY.GDP.MKTP.KD.ZG,5.10429977629738,GDP_Growth_pct,Afrique
Kenya,KEN,2005,NY.GDP.MKTP.KD.ZG,5.90666607980057,GDP_Growth_pct,Afrique
Kenya,KEN,2006,NY.GDP.MKTP.KD.ZG,6.47249430015484,GDP_Growth_pct,Afrique
Kenya,KEN,2007,NY.GDP.MKTP.KD.ZG,6.85072976998784,GDP_Growth_pct,Afrique
Kenya,KEN,2008,NY.GDP.MKTP.KD.ZG,0.232282744812977,GDP_Growth_pct,Afrique
Kenya,KEN,2009,NY.GDP.MKTP.KD.ZG,3.30693981631089,GDP_Growth_pct,Afrique
Kenya,KEN,2010,NY.GDP.MKTP.KD.ZG,8.05847360290906,GDP_Growth_pct,Afrique
Kenya,KEN,2011,NY.GDP.MKTP.KD.ZG,5.1211061197056,GDP_Growth_pct,Afrique
Kenya,KEN,2012,NY.GDP.MKTP.KD.ZG,4.56867961444982,GDP_Growth_pct,Afrique
Kenya,KEN,2013,NY.GDP.MKTP.KD.ZG,3.7978483925754,GDP_Growth_pct,Afrique
Kenya,KEN,2014,NY.GDP.MKTP.KD.ZG,5.02011100232484,GDP_Growth_pct,Afrique
Kenya,KEN,2015,NY.GDP.MKTP.KD.ZG,4.96772112759767,GDP_Growth_pct,Afrique
Kenya,KEN,2016,NY.GDP.MKTP.KD.ZG,4.21351706814744,GDP_Growth_pct,Afrique
Kenya,KEN,2017,NY.GDP.MKTP.KD.ZG,3.83795817364721,GDP_Growth_pct,Afrique
Kenya,KEN,2018,NY.GDP.MKTP.KD.ZG,5.64794640709219,GDP_Growth_pct,Afrique
Kenya,KEN,2019,NY.GDP.MKTP.KD.ZG,5.11415885767801,GDP_Growth_pct,Afrique
Kenya,KEN,2020,NY.GDP.MKTP.KD.ZG,-0.272766327438816,GDP_Growth_pct,Afrique
Kenya,KEN,2021,NY.GDP.MKTP.KD.ZG,7.59048947333467,GDP_Growth_pct,Afrique
Kenya,KEN,2022,NY.GDP.MKTP.KD.ZG,4.85998104287999,GDP_Growth_pct,Afrique
Kenya,KEN,2023,NY.GDP.MKTP.KD.ZG,5.71999241214208,GDP_Growth_pct,Afrique
Kenya,KEN,2024,NY.GDP.MKTP.KD.ZG,4.72473994710138,GDP_Growth_pct,Afrique
Kenya,KEN,2000,NY.GDP.PCAP.CD,414.626365130846,GDP_per_capita_USD,Afrique
Kenya,KEN,2001,NY.GDP.PCAP.CD,410.700452474814,GDP_per_capita_USD,Afrique
Kenya,KEN,2002,NY.GDP.PCAP.CD,402.936385605382,GDP_per_capita_USD,Afrique
Kenya,KEN,2003,NY.GDP.PCAP.CD,442.898457253405,GDP_per_capita_USD,Afrique
Kenya,KEN,2004,NY.GDP.PCAP.CD,463.662781300121,GDP_per_capita_USD,Afrique
Kenya,KEN,2005,NY.GDP.PCAP.CD,523.456312433863,GDP_per_capita_USD,Afrique
Kenya,KEN,2006,NY.GDP.PCAP.CD,699.80237063381,GDP_per_capita_USD,Afrique
Kenya,KEN,2007,NY.GDP.PCAP.CD,840.201439476765,GDP_per_capita_USD,Afrique
Kenya,KEN,2008,NY.GDP.PCAP.CD,915.54435473604,GDP_per_capita_USD,Afrique
Kenya,KEN,2009,NY.GDP.PCAP.CD,1047.9678324485,GDP_per_capita_USD,Afrique
Kenya,KEN,2010,NY.GDP.PCAP.CD,1091.51873101194,GDP_per_capita_USD,Afrique
Kenya,KEN,2011,NY.GDP.PCAP.CD,1096.14499807675,GDP_per_capita_USD,Afrique
Kenya,KEN,2012,NY.GDP.PCAP.CD,1285.00536171512,GDP_per_capita_USD,Afrique
Kenya,KEN,2013,NY.GDP.PCAP.CD,1370.87885214659,GDP_per_capita_USD,Afrique
Kenya,KEN,2014,NY.GDP.PCAP.CD,1482.81566253497,GDP_per_capita_USD,Afrique
Kenya,KEN,2015,NY.GDP.PCAP.CD,1489.11959777284,GDP_per_capita_USD,Afrique
Kenya,KEN,2016,NY.GDP.PCAP.CD,1554.12610314423,GDP_per_capita_USD,Afrique
Kenya,KEN,2017,NY.GDP.PCAP.CD,1667.48447230835,GDP_per_capita_USD,Afrique
Kenya,KEN,2018,NY.GDP.PCAP.CD,1836.45275528993,GDP_per_capita_USD,Afrique
Kenya,KEN,2019,NY.GDP.PCAP.CD,1960.40808854893,GDP_per_capita_USD,Afrique
Kenya,KEN,2020,NY.GDP.PCAP.CD,1927.66459027849,GDP_per_capita_USD,Afrique
Kenya,KEN,2021,NY.GDP.PCAP.CD,2061.35622089594,GDP_per_capita_USD,Afrique
Kenya,KEN,2022,NY.GDP.PCAP.CD,2109.56288513137,GDP_per_capita_USD,Afrique
Kenya,KEN,2023,NY.GDP.PCAP.CD,1942.58802756191,GDP_per_capita_USD,Afrique
Kenya,KEN,2024,NY.GDP.PCAP.CD,2132.43452097647,GDP_per_capita_USD,Afrique
Kenya,KEN,2000,SL.UEM.TOTL.ZS,2.889,Unemployment_pct,Afrique
Kenya,KEN,2001,SL.UEM.TOTL.ZS,2.881,Unemployment_pct,Afrique
Kenya,KEN,2002,SL.UEM.TOTL.ZS,2.919,Unemployment_pct,Afrique
Kenya,KEN,2003,SL.UEM.TOTL.ZS,2.873,Unemployment_pct,Afrique
Kenya,KEN,2004,SL.UEM.TOTL.ZS,2.848,Unemployment_pct,Afrique
Kenya,KEN,2005,SL.UEM.TOTL.ZS,2.745,Unemployment_pct,Afrique
Kenya,KEN,2006,SL.UEM.TOTL.ZS,2.68,Unemployment_pct,Afrique
Kenya,KEN,2007,SL.UEM.TOTL.ZS,2.65,Unemployment_pct,Afrique
Kenya,KEN,2008,SL.UEM.TOTL.ZS,2.756,Unemployment_pct,Afrique
Kenya,KEN,2009,SL.UEM.TOTL.ZS,2.818,Unemployment_pct,Afrique
Kenya,KEN,2010,SL.UEM.TOTL.ZS,2.796,Unemployment_pct,Afrique
Kenya,KEN,2011,SL.UEM.TOTL.ZS,2.704,Unemployment_pct,Afrique
Kenya,KEN,2012,SL.UEM.TOTL.ZS,2.682,Unemployment_pct,Afrique
Kenya,KEN,2013,SL.UEM.TOTL.ZS,2.764,Unemployment_pct,Afrique
Kenya,KEN,2014,SL.UEM.TOTL.ZS,2.768,Unemployment_pct,Afrique
Kenya,KEN,2015,SL.UEM.TOTL.ZS,2.762,Unemployment_pct,Afrique
Kenya,KEN,2016,SL.UEM.TOTL.ZS,2.757,Unemployment_pct,Afrique
Kenya,KEN,2017,SL.UEM.TOTL.ZS,3.541,Unemployment_pct,Afrique
Kenya,KEN,2018,SL.UEM.TOTL.ZS,4.284,Unemployment_pct,Afrique
Kenya,KEN,2019,SL.UEM.TOTL.ZS,5.014,Unemployment_pct,Afrique
Kenya,KEN,2020,SL.UEM.TOTL.ZS,5.619,Unemployment_pct,Afrique
Kenya,KEN,2021,SL.UEM.TOTL.ZS,5.693,Unemployment_pct,Afrique
Kenya,KEN,2022,SL.UEM.TOTL.ZS,5.707,Unemployment_pct,Afrique
Kenya,KEN,2023,SL.UEM.TOTL.ZS,5.567,Unemployment_pct,Afrique
Kenya,KEN,2024,SL.UEM.TOTL.ZS,5.434,Unemployment_pct,Afrique
Senegal,SEN,2000,FP.CPI.TOTL.ZG,0.731981981981597,Inflation_pct,Afrique
Senegal,SEN,2001,FP.CPI.TOTL.ZG,2.97450083919566,Inflation_pct,Afrique
Senegal,SEN,2002,FP.CPI.TOTL.ZG,2.33730187454299,Inflation_pct,Afrique
Senegal,SEN,2003,FP.CPI.TOTL.ZG,-0.0519970242714495,Inflation_pct,Afrique
Senegal,SEN,2004,FP.CPI.TOTL.ZG,0.514781781023016,Inflation_pct,Afrique
Senegal,SEN,2005,FP.CPI.TOTL.ZG,1.71133325855502,Inflation_pct,Afrique
Senegal,SEN,2006,FP.CPI.TOTL.ZG,2.11228583877117,Inflation_pct,Afrique
Senegal,SEN,2007,FP.CPI.TOTL.ZG,5.85330428467681,Inflation_pct,Afrique
Senegal,SEN,2008,FP.CPI.TOTL.ZG,7.34720236578406,Inflation_pct,Afrique
Senegal,SEN,2009,FP.CPI.TOTL.ZG,-2.2480214785534,Inflation_pct,Afrique
Senegal,SEN,2010,FP.CPI.TOTL.ZG,1.22868119673344,Inflation_pct,Afrique
Senegal,SEN,2011,FP.CPI.TOTL.ZG,3.40322829786971,Inflation_pct,Afrique
Senegal,SEN,2012,FP.CPI.TOTL.ZG,1.41822871177854,Inflation_pct,Afrique
Senegal,SEN,2013,FP.CPI.TOTL.ZG,0.710245486695176,Inflation_pct,Afrique
Senegal,SEN,2014,FP.CPI.TOTL.ZG,-1.09025507446895,Inflation_pct,Afrique
Senegal,SEN,2015,FP.CPI.TOTL.ZG,0.135211933635165,Inflation_pct,Afrique
Senegal,SEN,2016,FP.CPI.TOTL.ZG,0.837284942557434,Inflation_pct,Afrique
Senegal,SEN,2017,FP.CPI.TOTL.ZG,1.31815314847789,Inflation_pct,Afrique
Senegal,SEN,2018,FP.CPI.TOTL.ZG,0.460985642464188,Inflation_pct,Afrique
Senegal,SEN,2019,FP.CPI.TOTL.ZG,1.76011151192939,Inflation_pct,Afrique
Senegal,SEN,2020,FP.CPI.TOTL.ZG,2.54314685681662,Inflation_pct,Afrique
Senegal,SEN,2021,FP.CPI.TOTL.ZG,2.18032278088147,Inflation_pct,Afrique
Senegal,SEN,2022,FP.CPI.TOTL.ZG,9.69681899081073,Inflation_pct,Afrique
Senegal,SEN,2023,FP.CPI.TOTL.ZG,5.93947798773215,Inflation_pct,Afrique
Senegal,SEN,2024,FP.CPI.TOTL.ZG,0.804503298792438,Inflation_pct,Afrique
Senegal,SEN,2000,GC.DOD.TOTL.GD.ZS,,Public_debt_pct_GDP,Afrique
Senegal,SEN,2001,GC.DOD.TOTL.GD.ZS,,Public_debt_pct_GDP,Afrique
Senegal,SEN,2002,GC.DOD.TOTL.GD.ZS,,Public_debt_pct_GDP,Afrique
Senegal,SEN,2003,GC.DOD.TOTL.GD.ZS,,Public_debt_pct_GDP,Afrique
Senegal,SEN,2004,GC.DOD.TOTL.GD.ZS,,Public_debt_pct_GDP,Afrique
Senegal,SEN,2005,GC.DOD.TOTL.GD.ZS,,Public_debt_pct_GDP,Afrique
Senegal,SEN,2006,GC.DOD.TOTL.GD.ZS,,Public_debt_pct_GDP,Afrique
Senegal,SEN,2007,GC.DOD.TOTL.GD.ZS,,Public_debt_pct_GDP,Afrique
Senegal,SEN,2008,GC.DOD.TOTL.GD.ZS,,Public_debt_pct_GDP,Afrique
Senegal,SEN,2009,GC.DOD.TOTL.GD.ZS,,Public_debt_pct_GDP,Afrique
Senegal,SEN,2010,GC.DOD.TOTL.GD.ZS,,Public_debt_pct_GDP,Afrique
Senegal,SEN,2011,GC.DOD.TOTL.GD.ZS,,Public_debt_pct_GDP,Afrique
Senegal,SEN,2012,GC.DOD.TOTL.GD.ZS,,Public_debt_pct_GDP,Afrique
Senegal,SEN,2013,GC.DOD.TOTL.GD.ZS,,Public_debt_pct_GDP,Afrique
Senegal,SEN,2014,GC.DOD.TOTL.GD.ZS,,Public_debt_pct_GDP,Afrique
Senegal,SEN,2015,GC.DOD.TOTL.GD.ZS,,Public_debt_pct_GDP,Afrique
Senegal,SEN,2016,GC.DOD.TOTL.GD.ZS,,Public_debt_pct_GDP,Afrique
Senegal,SEN,2017,GC.DOD.TOTL.GD.ZS,,Public_debt_pct_GDP,Afrique
Senegal,SEN,2018,GC.DOD.TOTL.GD.ZS,,Public_debt_pct_GDP,Afrique
Senegal,SEN,2019,GC.DOD.TOTL.GD.ZS,,Public_debt_pct_GDP,Afrique
Senegal,SEN,2020,GC.DOD.TOTL.GD.ZS,,Public_debt_pct_GDP,Afrique
Senegal,SEN,2021,GC.DOD.TOTL.GD.ZS,,Public_debt_pct_GDP,Afrique
Senegal,SEN,2022,GC.DOD.TOTL.GD.ZS,,Public_debt_pct_GDP,Afrique
Senegal,SEN,2023,GC.DOD.TOTL.GD.ZS,,Public_debt_pct_GDP,Afrique
Senegal,SEN,2024,GC.DOD.TOTL.GD.ZS,,Public_debt_pct_GDP,Afrique
Senegal,SEN,2000,NY.GDP.MKTP.CD,6013185003.97525,GDP_USD,Afrique
Senegal,SEN,2001,NY.GDP.MKTP.CD,6507824829.26254,GDP_USD,Afrique
Senegal,SEN,2002,NY.GDP.MKTP.CD,7006402319.75856,GDP_USD,Afrique
Senegal,SEN,2003,NY.GDP.MKTP.CD,8768721563.18211,GDP_USD,Afrique
Senegal,SEN,2004,NY.GDP.MKTP.CD,10076816666.6196,GDP_USD,Afrique
Senegal,SEN,2005,NY.GDP.MKTP.CD,11009033437.939,GDP_USD,Afrique
Senegal,SEN,2006,NY.GDP.MKTP.CD,11697918243.0035,GDP_USD,Afrique
Senegal,SEN,2007,NY.GDP.MKTP.CD,13994218412.9619,GDP_USD,Afrique
Senegal,SEN,2008,NY.GDP.MKTP.CD,16853989627.548,GDP_USD,Afrique
Senegal,SEN,2009,NY.GDP.MKTP.CD,16145867494.9405,GDP_USD,Afrique
Senegal,SEN,2010,NY.GDP.MKTP.CD,16121315909.0758,GDP_USD,Afrique
Senegal,SEN,2011,NY.GDP.MKTP.CD,17814283639.3119,GDP_USD,Afrique
Senegal,SEN,2012,NY.GDP.MKTP.CD,17660870411.5235,GDP_USD,Afrique
Senegal,SEN,2013,NY.GDP.MKTP.CD,18918667724.8817,GDP_USD,Afrique
Senegal,SEN,2014,NY.GDP.MKTP.CD,19797253440.2679,GDP_USD,Afrique
Senegal,SEN,2015,NY.GDP.MKTP.CD,17774766696.1759,GDP_USD,Afrique
Senegal,SEN,2016,NY.GDP.MKTP.CD,19040312333.1864,GDP_USD,Afrique
Senegal,SEN,2017,NY.GDP.MKTP.CD,20996562943.5979,GDP_USD,Afrique
Senegal,SEN,2018,NY.GDP.MKTP.CD,23116701556.1381,GDP_USD,Afrique
Senegal,SEN,2019,NY.GDP.MKTP.CD,23403995992.1354,GDP_USD,Afrique
Senegal,SEN,2020,NY.GDP.MKTP.CD,24530513037.7518,GDP_USD,Afrique
Senegal,SEN,2021,NY.GDP.MKTP.CD,27520784129.7508,GDP_USD,Afrique
Senegal,SEN,2022,NY.GDP.MKTP.CD,27783332222.6759,GDP_USD,Afrique
Senegal,SEN,2023,NY.GDP.MKTP.CD,30696331295.7826,GDP_USD,Afrique
Senegal,SEN,2024,NY.GDP.MKTP.CD,32808056600.9436,GDP_USD,Afrique
Senegal,SEN,2000,NY.GDP.MKTP.KD.ZG,3.88721095816793,GDP_Growth_pct,Afrique
Senegal,SEN,2001,NY.GDP.MKTP.KD.ZG,4.31085146618369,GDP_Growth_pct,Afrique
Senegal,SEN,2002,NY.GDP.MKTP.KD.ZG,0.0686965747419066,GDP_Growth_pct,Afrique
Senegal,SEN,2003,NY.GDP.MKTP.KD.ZG,5.59395094456143,GDP_Growth_pct,Afrique
Senegal,SEN,2004,NY.GDP.MKTP.KD.ZG,4.64329393683312,GDP_Growth_pct,Afrique
Senegal,SEN,2005,NY.GDP.MKTP.KD.ZG,4.31023852639633,GDP_Growth_pct,Afrique
Senegal,SEN,2006,NY.GDP.MKTP.KD.ZG,2.33077098330239,GDP_Growth_pct,Afrique
Senegal,SEN,2007,NY.GDP.MKTP.KD.ZG,2.82711920133374,GDP_Growth_pct,Afrique
Senegal,SEN,2008,NY.GDP.MKTP.KD.ZG,3.70316906391386,GDP_Growth_pct,Afrique
Senegal,SEN,2009,NY.GDP.MKTP.KD.ZG,2.75210448455053,GDP_Growth_pct,Afrique
Senegal,SEN,2010,NY.GDP.MKTP.KD.ZG,3.39088925336209,GDP_Growth_pct,Afrique
Senegal,SEN,2011,NY.GDP.MKTP.KD.ZG,1.33409107961258,GDP_Growth_pct,Afrique
Senegal,SEN,2012,NY.GDP.MKTP.KD.ZG,4.00299555090457,GDP_Growth_pct,Afrique
Senegal,SEN,2013,NY.GDP.MKTP.KD.ZG,2.41238527605579,GDP_Growth_pct,Afrique
Senegal,SEN,2014,NY.GDP.MKTP.KD.ZG,6.22407443790986,GDP_Growth_pct,Afrique
Senegal,SEN,2015,NY.GDP.MKTP.KD.ZG,6.36704365066983,GDP_Growth_pct,Afrique
Senegal,SEN,2016,NY.GDP.MKTP.KD.ZG,6.35606857181878,GDP_Growth_pct,Afrique
Senegal,SEN,2017,NY.GDP.MKTP.KD.ZG,7.4074861863013,GDP_Growth_pct,Afrique
Senegal,SEN,2018,NY.GDP.MKTP.KD.ZG,6.20924103389086,GDP_Growth_pct,Afrique
Senegal,SEN,2019,NY.GDP.MKTP.KD.ZG,4.61362809749708,GDP_Growth_pct,Afrique
Senegal,SEN,2020,NY.GDP.MKTP.KD.ZG,1.3420737726679,GDP_Growth_pct,Afrique
Senegal,SEN,2021,NY.GDP.MKTP.KD.ZG,6.54400109964304,GDP_Growth_pct,Afrique
Senegal,SEN,2022,NY.GDP.MKTP.KD.ZG,3.85043193735768,GDP_Growth_pct,Afrique
Senegal,SEN,2023,NY.GDP.MKTP.KD.ZG,4.2574308328029,GDP_Growth_pct,Afrique
Senegal,SEN,2024,NY.GDP.MKTP.KD.ZG,6.06055141198976,GDP_Growth_pct,Afrique
Senegal,SEN,2000,NY.GDP.PCAP.CD,603.233162455158,GDP_per_capita_USD,Afrique
Senegal,SEN,2001,NY.GDP.PCAP.CD,637.213530563724,GDP_per_capita_USD,Afrique
Senegal,SEN,2002,NY.GDP.PCAP.CD,669.430447319209,GDP_per_capita_USD,Afrique
Senegal,SEN,2003,NY.GDP.PCAP.CD,817.888034221442,GDP_per_capita_USD,Afrique
Senegal,SEN,2004,NY.GDP.PCAP.CD,918.102079522155,GDP_per_capita_USD,Afrique
Senegal,SEN,2005,NY.GDP.PCAP.CD,979.846101520171,GDP_per_capita_USD,Afrique
Senegal,SEN,2006,NY.GDP.PCAP.CD,1017.20196747987,GDP_per_capita_USD,Afrique
Senegal,SEN,2007,NY.GDP.PCAP.CD,1188.93877808175,GDP_per_capita_USD,Afrique
Senegal,SEN,2008,NY.GDP.PCAP.CD,1398.79218010021,GDP_per_capita_USD,Afrique
Senegal,SEN,2009,NY.GDP.PCAP.CD,1308.69404336205,GDP_per_capita_USD,Afrique
Senegal,SEN,2010,NY.GDP.PCAP.CD,1275.88357492357,GDP_per_capita_USD,Afrique
Senegal,SEN,2011,NY.GDP.PCAP.CD,1374.67591873844,GDP_per_capita_USD,Afrique
Senegal,SEN,2012,NY.GDP.PCAP.CD,1326.83798848379,GDP_per_capita_USD,Afrique
Senegal,SEN,2013,NY.GDP.PCAP.CD,1379.83196553924,GDP_per_capita_USD,Afrique
Senegal,SEN,2014,NY.GDP.PCAP.CD,1398.89137601382,GDP_per_capita_USD,Afrique
Senegal,SEN,2015,NY.GDP.PCAP.CD,1218.00613555438,GDP_per_capita_USD,Afrique
Senegal,SEN,2016,NY.GDP.PCAP.CD,1266.43957151587,GDP_per_capita_USD,Afrique
Senegal,SEN,2017,NY.GDP.PCAP.CD,1356.80518449031,GDP_per_capita_USD,Afrique
Senegal,SEN,2018,NY.GDP.PCAP.CD,1452.55612562445,GDP_per_capita_USD,Afrique
Senegal,SEN,2019,NY.GDP.PCAP.CD,1431.18128932159,GDP_per_capita_USD,Afrique
Senegal,SEN,2020,NY.GDP.PCAP.CD,1461.08720350553,GDP_per_capita_USD,Afrique
Senegal,SEN,2021,NY.GDP.PCAP.CD,1598.10676952274,GDP_per_capita_USD,Afrique
Senegal,SEN,2022,NY.GDP.PCAP.CD,1574.0281059306,GDP_per_capita_USD,Afrique
Senegal,SEN,2023,NY.GDP.PCAP.CD,1698.03387300843,GDP_per_capita_USD,Afrique
Senegal,SEN,2024,NY.GDP.PCAP.CD,1773.21829923448,GDP_per_capita_USD,Afrique
Senegal,SEN,2000,SL.UEM.TOTL.ZS,2.668,Unemployment_pct,Afrique
Senegal,SEN,2001,SL.UEM.TOTL.ZS,2.7,Unemployment_pct,Afrique
Senegal,SEN,2002,SL.UEM.TOTL.ZS,2.828,Unemployment_pct,Afrique
Senegal,SEN,2003,SL.UEM.TOTL.ZS,2.794,Unemployment_pct,Afrique
Senegal,SEN,2004,SL.UEM.TOTL.ZS,2.788,Unemployment_pct,Afrique
Senegal,SEN,2005,SL.UEM.TOTL.ZS,2.703,Unemployment_pct,Afrique
Senegal,SEN,2006,SL.UEM.TOTL.ZS,2.77,Unemployment_pct,Afrique
Senegal,SEN,2007,SL.UEM.TOTL.ZS,2.808,Unemployment_pct,Afrique
Senegal,SEN,2008,SL.UEM.TOTL.ZS,2.822,Unemployment_pct,Afrique
Senegal,SEN,2009,SL.UEM.TOTL.ZS,2.814,Unemployment_pct,Afrique
Senegal,SEN,2010,SL.UEM.TOTL.ZS,2.803,Unemployment_pct,Afrique
Senegal,SEN,2011,SL.UEM.TOTL.ZS,2.853,Unemployment_pct,Afrique
Senegal,SEN,2012,SL.UEM.TOTL.ZS,3.888,Unemployment_pct,Afrique
Senegal,SEN,2013,SL.UEM.TOTL.ZS,4.986,Unemployment_pct,Afrique
Senegal,SEN,2014,SL.UEM.TOTL.ZS,5.841,Unemployment_pct,Afrique
Senegal,SEN,2015,SL.UEM.TOTL.ZS,6.757,Unemployment_pct,Afrique
Senegal,SEN,2016,SL.UEM.TOTL.ZS,4.455,Unemployment_pct,Afrique
Senegal,SEN,2017,SL.UEM.TOTL.ZS,4.078,Unemployment_pct,Afrique
Senegal,SEN,2018,SL.UEM.TOTL.ZS,3.455,Unemployment_pct,Afrique
Senegal,SEN,2019,SL.UEM.TOTL.ZS,2.863,Unemployment_pct,Afrique
Senegal,SEN,2020,SL.UEM.TOTL.ZS,3.437,Unemployment_pct,Afrique
Senegal,SEN,2021,SL.UEM.TOTL.ZS,3.44,Unemployment_pct,Afrique
Senegal,SEN,2022,SL.UEM.TOTL.ZS,2.837,Unemployment_pct,Afrique
Senegal,SEN,2023,SL.UEM.TOTL.ZS,2.8,Unemployment_pct,Afrique
Senegal,SEN,2024,SL.UEM.TOTL.ZS,2.992,Unemployment_pct,Afrique
South Africa,ZAF,2000,FP.CPI.TOTL.ZG,5.33895913599828,Inflation_pct,Afrique
South Africa,ZAF,2001,FP.CPI.TOTL.ZG,5.70189483049608,Inflation_pct,Afrique
South Africa,ZAF,2002,FP.CPI.TOTL.ZG,9.494713780996,Inflation_pct,Afrique
South Africa,ZAF,2003,FP.CPI.TOTL.ZG,5.67942414068799,Inflation_pct,Afrique
South Africa,ZAF,2004,FP.CPI.TOTL.ZG,-0.692039437857687,Inflation_pct,Afrique
South Africa,ZAF,2005,FP.CPI.TOTL.ZG,2.06285308223427,Inflation_pct,Afrique
South Africa,ZAF,2006,FP.CPI.TOTL.ZG,3.2439076541923,Inflation_pct,Afrique
South Africa,ZAF,2007,FP.CPI.TOTL.ZG,6.17781214809388,Inflation_pct,Afrique
South Africa,ZAF,2008,FP.CPI.TOTL.ZG,9.90998456005467,Inflation_pct,Afrique
South Africa,ZAF,2009,FP.CPI.TOTL.ZG,7.23809523809527,Inflation_pct,Afrique
South Africa,ZAF,2010,FP.CPI.TOTL.ZG,4.06749555950263,Inflation_pct,Afrique
South Africa,ZAF,2011,FP.CPI.TOTL.ZG,5.0008533879502,Inflation_pct,Afrique
South Africa,ZAF,2012,FP.CPI.TOTL.ZG,5.73797139141739,Inflation_pct,Afrique
South Africa,ZAF,2013,FP.CPI.TOTL.ZG,5.78016910069176,Inflation_pct,Afrique
South Africa,ZAF,2014,FP.CPI.TOTL.ZG,6.13282953059149,Inflation_pct,Afrique
South Africa,ZAF,2015,FP.CPI.TOTL.ZG,4.51869094892506,Inflation_pct,Afrique
South Africa,ZAF,2016,FP.CPI.TOTL.ZG,6.60290842394872,Inflation_pct,Afrique
South Africa,ZAF,2017,FP.CPI.TOTL.ZG,5.18618655524149,Inflation_pct,Afrique
South Africa,ZAF,2018,FP.CPI.TOTL.ZG,4.50987264867388,Inflation_pct,Afrique
South Africa,ZAF,2019,FP.CPI.TOTL.ZG,4.10285075461156,Inflation_pct,Afrique
South Africa,ZAF,2020,FP.CPI.TOTL.ZG,3.23238831615113,Inflation_pct,Afrique
South Africa,ZAF,2021,FP.CPI.TOTL.ZG,4.61874544887136,Inflation_pct,Afrique
South Africa,ZAF,2022,FP.CPI.TOTL.ZG,7.03987272546482,Inflation_pct,Afrique
South Africa,ZAF,2023,FP.CPI.TOTL.ZG,6.0752438457966,Inflation_pct,Afrique
South Africa,ZAF,2024,FP.CPI.TOTL.ZG,4.36115246518962,Inflation_pct,Afrique
South Africa,ZAF,2000,GC.DOD.TOTL.GD.ZS,39.6390583837328,Public_debt_pct_GDP,Afrique
South Africa,ZAF,2001,GC.DOD.TOTL.GD.ZS,,Public_debt_pct_GDP,Afrique
South Africa,ZAF,2002,GC.DOD.TOTL.GD.ZS,,Public_debt_pct_GDP,Afrique
South Africa,ZAF,2003,GC.DOD.TOTL.GD.ZS,,Public_debt_pct_GDP,Afrique
South Africa,ZAF,2004,GC.DOD.TOTL.GD.ZS,,Public_debt_pct_GDP,Afrique
South Africa,ZAF,2005,GC.DOD.TOTL.GD.ZS,,Public_debt_pct_GDP,Afrique
South Africa,ZAF,2006,GC.DOD.TOTL.GD.ZS,,Public_debt_pct_GDP,Afrique
South Africa,ZAF,2007,GC.DOD.TOTL.GD.ZS,,Public_debt_pct_GDP,Afrique
South Africa,ZAF,2008,GC.DOD.TOTL.GD.ZS,,Public_debt_pct_GDP,Afrique
South Africa,ZAF,2009,GC.DOD.TOTL.GD.ZS,,Public_debt_pct_GDP,Afrique
South Africa,ZAF,2010,GC.DOD.TOTL.GD.ZS,,Public_debt_pct_GDP,Afrique
South Africa,ZAF,2011,GC.DOD.TOTL.GD.ZS,,Public_debt_pct_GDP,Afrique
South Africa,ZAF,2012,GC.DOD.TOTL.GD.ZS,,Public_debt_pct_GDP,Afrique
South Africa,ZAF,2013,GC.DOD.TOTL.GD.ZS,,Public_debt_pct_GDP,Afrique
South Africa,ZAF,2014,GC.DOD.TOTL.GD.ZS,,Public_debt_pct_GDP,Afrique
South Africa,ZAF,2015,GC.DOD.TOTL.GD.ZS,52.651157246849,Public_debt_pct_GDP,Afrique
South Africa,ZAF,2016,GC.DOD.TOTL.GD.ZS,53.7387913927398,Public_debt_pct_GDP,Afrique
South Africa,ZAF,2017,GC.DOD.TOTL.GD.ZS,56.2597208339946,Public_debt_pct_GDP,Afrique
South Africa,ZAF,2018,GC.DOD.TOTL.GD.ZS,59.1023114125426,Public_debt_pct_GDP,Afrique
South Africa,ZAF,2019,GC.DOD.TOTL.GD.ZS,64.589278136337,Public_debt_pct_GDP,Afrique
South Africa,ZAF,2020,GC.DOD.TOTL.GD.ZS,75.7255090818801,Public_debt_pct_GDP,Afrique
South Africa,ZAF,2021,GC.DOD.TOTL.GD.ZS,74.0826080100226,Public_debt_pct_GDP,Afrique
South Africa,ZAF,2022,GC.DOD.TOTL.GD.ZS,76.2054429487374,Public_debt_pct_GDP,Afrique
South Africa,ZAF,2023,GC.DOD.TOTL.GD.ZS,79.446907709916,Public_debt_pct_GDP,Afrique
South Africa,ZAF,2024,GC.DOD.TOTL.GD.ZS,,Public_debt_pct_GDP,Afrique
South Africa,ZAF,2000,NY.GDP.MKTP.CD,151752757215.309,GDP_USD,Afrique
South Africa,ZAF,2001,NY.GDP.MKTP.CD,135429905922.526,GDP_USD,Afrique
South Africa,ZAF,2002,NY.GDP.MKTP.CD,129087556612.449,GDP_USD,Afrique
South Africa,ZAF,2003,NY.GDP.MKTP.CD,197018965308.697,GDP_USD,Afrique
South Africa,ZAF,2004,NY.GDP.MKTP.CD,255806908594.573,GDP_USD,Afrique
South Africa,ZAF,2005,NY.GDP.MKTP.CD,288867217196.534,GDP_USD,Afrique
South Africa,ZAF,2006,NY.GDP.MKTP.CD,303858675363.643,GDP_USD,Afrique
South Africa,ZAF,2007,NY.GDP.MKTP.CD,333077117253.684,GDP_USD,Afrique
South Africa,ZAF,2008,NY.GDP.MKTP.CD,316131258616.309,GDP_USD,Afrique
South Africa,ZAF,2009,NY.GDP.MKTP.CD,329754060647.129,GDP_USD,Afrique
South Africa,ZAF,2010,NY.GDP.MKTP.CD,417363822801.713,GDP_USD,Afrique
South Africa,ZAF,2011,NY.GDP.MKTP.CD,458199494830.834,GDP_USD,Afrique
South Africa,ZAF,2012,NY.GDP.MKTP.CD,434400545085.811,GDP_USD,Afrique
South Africa,ZAF,2013,NY.GDP.MKTP.CD,400886013595.573,GDP_USD,Afrique
South Africa,ZAF,2014,NY.GDP.MKTP.CD,381198869776.106,GDP_USD,Afrique
South Africa,ZAF,2015,NY.GDP.MKTP.CD,346709790458.563,GDP_USD,Afrique
South Africa,ZAF,2016,NY.GDP.MKTP.CD,323585509674.481,GDP_USD,Afrique
South Africa,ZAF,2017,NY.GDP.MKTP.CD,381448814653.456,GDP_USD,Afrique
South Africa,ZAF,2018,NY.GDP.MKTP.CD,405260723892.517,GDP_USD,Afrique
South Africa,ZAF,2019,NY.GDP.MKTP.CD,389330032224.269,GDP_USD,Afrique
South Africa,ZAF,2020,NY.GDP.MKTP.CD,337974655408.055,GDP_USD,Afrique
South Africa,ZAF,2021,NY.GDP.MKTP.CD,419986284375.368,GDP_USD,Afrique
South Africa,ZAF,2022,NY.GDP.MKTP.CD,407596043067.885,GDP_USD,Afrique
South Africa,ZAF,2023,NY.GDP.MKTP.CD,381440724491.232,GDP_USD,Afrique
South Africa,ZAF,2024,NY.GDP.MKTP.CD,401144998373.585,GDP_USD,Afrique
South Africa,ZAF,2000,NY.GDP.MKTP.KD.ZG,4.20000000067826,GDP_Growth_pct,Afrique
South Africa,ZAF,2001,NY.GDP.MKTP.KD.ZG,2.70000000019104,GDP_Growth_pct,Afrique
South Africa,ZAF,2002,NY.GDP.MKTP.KD.ZG,3.70037440406668,GDP_Growth_pct,Afrique
South Africa,ZAF,2003,NY.GDP.MKTP.KD.ZG,2.94907546754213,GDP_Growth_pct,Afrique
South Africa,ZAF,2004,NY.GDP.MKTP.KD.ZG,4.55455990721774,GDP_Growth_pct,Afrique
South Africa,ZAF,2005,NY.GDP.MKTP.KD.ZG,5.27705197295467,GDP_Growth_pct,Afrique
South Africa,ZAF,2006,NY.GDP.MKTP.KD.ZG,5.60380645895889,GDP_Growth_pct,Afrique
South Africa,ZAF,2007,NY.GDP.MKTP.KD.ZG,5.36047405394162,GDP_Growth_pct,Afrique
South Africa,ZAF,2008,NY.GDP.MKTP.KD.ZG,3.1910438863288,GDP_Growth_pct,Afrique
South Africa,ZAF,2009,NY.GDP.MKTP.KD.ZG,-1.53808913525583,GDP_Growth_pct,Afrique
South Africa,ZAF,2010,NY.GDP.MKTP.KD.ZG,3.03973288127956,GDP_Growth_pct,Afrique
South Africa,ZAF,2011,NY.GDP.MKTP.KD.ZG,3.16855627858818,GDP_Growth_pct,Afrique
South Africa,ZAF,2012,NY.GDP.MKTP.KD.ZG,2.39623238465745,GDP_Growth_pct,Afrique
South Africa,ZAF,2013,NY.GDP.MKTP.KD.ZG,2.48546800826588,GDP_Growth_pct,Afrique
South Africa,ZAF,2014,NY.GDP.MKTP.KD.ZG,1.41382645223793,GDP_Growth_pct,Afrique
South Africa,ZAF,2015,NY.GDP.MKTP.KD.ZG,1.32186223678229,GDP_Growth_pct,Afrique
South Africa,ZAF,2016,NY.GDP.MKTP.KD.ZG,0.664552307858116,GDP_Growth_pct,Afrique
South Africa,ZAF,2017,NY.GDP.MKTP.KD.ZG,1.15794695181735,GDP_Growth_pct,Afrique
South Africa,ZAF,2018,NY.GDP.MKTP.KD.ZG,1.55678384721676,GDP_Growth_pct,Afrique
South Africa,ZAF,2019,NY.GDP.MKTP.KD.ZG,0.25993557687633,GDP_Growth_pct,Afrique
South Africa,ZAF,2020,NY.GDP.MKTP.KD.ZG,-6.1689177146757,GDP_Growth_pct,Afrique
South Africa,ZAF,2021,NY.GDP.MKTP.KD.ZG,4.85864865060148,GDP_Growth_pct,Afrique
South Africa,ZAF,2022,NY.GDP.MKTP.KD.ZG,2.05813661692193,GDP_Growth_pct,Afrique
South Africa,ZAF,2023,NY.GDP.MKTP.KD.ZG,0.80610455095804,GDP_Growth_pct,Afrique
South Africa,ZAF,2024,NY.GDP.MKTP.KD.ZG,0.534843531905139,GDP_Growth_pct,Afrique
South Africa,ZAF,2000,NY.GDP.PCAP.CD,3217.84693448467,GDP_per_capita_USD,Afrique
South Africa,ZAF,2001,NY.GDP.PCAP.CD,2847.15191945908,GDP_per_capita_USD,Afrique
South Africa,ZAF,2002,NY.GDP.PCAP.CD,2688.23676032806,GDP_per_capita_USD,Afrique
South Africa,ZAF,2003,NY.GDP.PCAP.CD,4062.21755993786,GDP_per_capita_USD,Afrique
South Africa,ZAF,2004,NY.GDP.PCAP.CD,5221.46333731721,GDP_per_capita_USD,Afrique
South Africa,ZAF,2005,NY.GDP.PCAP.CD,5836.87663325127,GDP_per_capita_USD,Afrique
South Africa,ZAF,2006,NY.GDP.PCAP.CD,6077.38293388876,GDP_per_capita_USD,Afrique
South Africa,ZAF,2007,NY.GDP.PCAP.CD,6591.85535960564,GDP_per_capita_USD,Afrique
South Africa,ZAF,2008,NY.GDP.PCAP.CD,6184.75474328399,GDP_per_capita_USD,Afrique
South Africa,ZAF,2009,NY.GDP.PCAP.CD,6374.70560042992,GDP_per_capita_USD,Afrique
South Africa,ZAF,2010,NY.GDP.PCAP.CD,7973.47195771517,GDP_per_capita_USD,Afrique
South Africa,ZAF,2011,NY.GDP.PCAP.CD,8646.05571071635,GDP_per_capita_USD,Afrique
South Africa,ZAF,2012,NY.GDP.PCAP.CD,8076.97678479741,GDP_per_capita_USD,Afrique
South Africa,ZAF,2013,NY.GDP.PCAP.CD,7331.65467384919,GDP_per_capita_USD,Afrique
South Africa,ZAF,2014,NY.GDP.PCAP.CD,6856.73137092522,GDP_per_capita_USD,Afrique
South Africa,ZAF,2015,NY.GDP.PCAP.CD,6112.27382485974,GDP_per_capita_USD,Afrique
South Africa,ZAF,2016,NY.GDP.PCAP.CD,5651.20585165749,GDP_per_capita_USD,Afrique
South Africa,ZAF,2017,NY.GDP.PCAP.CD,6618.33508255701,GDP_per_capita_USD,Afrique
South Africa,ZAF,2018,NY.GDP.PCAP.CD,6914.1780318076,GDP_per_capita_USD,Afrique
South Africa,ZAF,2019,NY.GDP.PCAP.CD,6533.71121032856,GDP_per_capita_USD,Afrique
South Africa,ZAF,2020,NY.GDP.PCAP.CD,5580.60383075189,GDP_per_capita_USD,Afrique
South Africa,ZAF,2021,NY.GDP.PCAP.CD,6828.75624590017,GDP_per_capita_USD,Afrique
South Africa,ZAF,2022,NY.GDP.PCAP.CD,6534.24867783397,GDP_per_capita_USD,Afrique
South Africa,ZAF,2023,NY.GDP.PCAP.CD,6034.27208964673,GDP_per_capita_USD,Afrique
South Africa,ZAF,2024,NY.GDP.PCAP.CD,6267.186814093,GDP_per_capita_USD,Afrique
South Africa,ZAF,2000,SL.UEM.TOTL.ZS,22.714,Unemployment_pct,Afrique
South Africa,ZAF,2001,SL.UEM.TOTL.ZS,22.605,Unemployment_pct,Afrique
South Africa,ZAF,2002,SL.UEM.TOTL.ZS,22.547,Unemployment_pct,Afrique
South Africa,ZAF,2003,SL.UEM.TOTL.ZS,22.629,Unemployment_pct,Afrique
South Africa,ZAF,2004,SL.UEM.TOTL.ZS,22.538,Unemployment_pct,Afrique
South Africa,ZAF,2005,SL.UEM.TOTL.ZS,22.461,Unemployment_pct,Afrique
South Africa,ZAF,2006,SL.UEM.TOTL.ZS,22.324,Unemployment_pct,Afrique
South Africa,ZAF,2007,SL.UEM.TOTL.ZS,22.287,Unemployment_pct,Afrique
South Africa,ZAF,2008,SL.UEM.TOTL.ZS,22.407,Unemployment_pct,Afrique
South Africa,ZAF,2009,SL.UEM.TOTL.ZS,23.523,Unemployment_pct,Afrique
South Africa,ZAF,2010,SL.UEM.TOTL.ZS,24.683,Unemployment_pct,Afrique
South Africa,ZAF,2011,SL.UEM.TOTL.ZS,24.639,Unemployment_pct,Afrique
South Africa,ZAF,2012,SL.UEM.TOTL.ZS,24.727,Unemployment_pct,Afrique
South Africa,ZAF,2013,SL.UEM.TOTL.ZS,24.561,Unemployment_pct,Afrique
South Africa,ZAF,2014,SL.UEM.TOTL.ZS,24.89,Unemployment_pct,Afrique
South Africa,ZAF,2015,SL.UEM.TOTL.ZS,25.149,Unemployment_pct,Afrique
South Africa,ZAF,2016,SL.UEM.TOTL.ZS,26.536,Unemployment_pct,Afrique
South Africa,ZAF,2017,SL.UEM.TOTL.ZS,27.035,Unemployment_pct,Afrique
South Africa,ZAF,2018,SL.UEM.TOTL.ZS,26.906,Unemployment_pct,Afrique
South Africa,ZAF,2019,SL.UEM.TOTL.ZS,28.468,Unemployment_pct,Afrique
South Africa,ZAF,2020,SL.UEM.TOTL.ZS,29.217,Unemployment_pct,Afrique
South Africa,ZAF,2021,SL.UEM.TOTL.ZS,34.007,Unemployment_pct,Afrique
South Africa,ZAF,2022,SL.UEM.TOTL.ZS,33.268,Unemployment_pct,Afrique
South Africa,ZAF,2023,SL.UEM.TOTL.ZS,32.098,Unemployment_pct,Afrique
South Africa,ZAF,2024,SL.UEM.TOTL.ZS,33.168,Unemployment_pct,Afrique
